generation,population_size,mean_diversity,max_diversity,min_fitness,mean_fitness,max_fitness,max_frequency,mean_distance
213,10000,1.9142574257425742,10.0,0.004340277777777781,0.49550287342467275,0.6944444444444446,4136,69.462
