generation,population_size,mean_diversity,max_diversity,min_fitness,mean_fitness,max_fitness,max_frequency,mean_distance
213,10000,0.5358415841584159,3.0,0.006103515625000001,0.11667037963867183,0.16276041666666663,7728,53.5265
