generation,population_size,mean_diversity,max_diversity,min_fitness,mean_fitness,max_fitness,max_frequency,mean_distance
213,10000,2.4225742574257425,13.0,0.003906250000000004,0.32417227579752855,0.46875000000000006,3468,72.5361
