generation,population_size,mean_diversity,max_diversity,min_fitness,mean_fitness,max_fitness,max_frequency,mean_distance
213,10000,3.497821782178218,12.0,0.004340277777777781,0.35063326611931955,0.5208333333333334,1486,73.0593
