generation,population_size,mean_diversity,max_diversity,min_fitness,mean_fitness,max_fitness,max_frequency,mean_distance
213,10000,0.2693069306930693,1.0,4.190951585769653E-4,0.005343281663954258,0.011175870895385742,8264,44.9849
