generation,population_size,mean_diversity,max_diversity,min_fitness,mean_fitness,max_fitness,max_frequency,mean_distance
213,10000,1.9845544554455445,8.0,0.005208333333333334,0.44192765118636096,0.5208333333333334,2826,63.8989
