generation,population_size,mean_diversity,max_diversity,min_fitness,mean_fitness,max_fitness,max_frequency,mean_distance
213,10000,2.405148514851485,7.0,0.004967053731282554,0.06982669565412979,0.10596381293402776,3836,55.3945
