generation,population_size,mean_diversity,max_diversity,min_fitness,mean_fitness,max_fitness,max_frequency,mean_distance
213,10000,4.934257425742574,13.0,0.003750000000000002,0.6391650312499954,0.7500000000000002,1025,63.2288
