generation,population_size,mean_diversity,max_diversity,min_fitness,mean_fitness,max_fitness,max_frequency,mean_distance
213,10000,0.039603960396039604,2.0,0.0035156250000000023,0.035120917968750005,0.03515625000000003,9675,26.3564
