generation,population_size,mean_diversity,max_diversity,min_fitness,mean_fitness,max_fitness,max_frequency,mean_distance
213,10000,0.03920792079207921,1.0,0.01157407407407408,0.11547858796296608,0.11574074074074078,9836,46.9078
