generation,population_size,mean_diversity,max_diversity,min_fitness,mean_fitness,max_fitness,max_frequency,mean_distance
213,10000,0.3001980198019802,3.0,3.7718564271926923E-4,0.003763231448829175,0.0037718564271926897,9219,22.9248
