generation,population_size,mean_diversity,max_diversity,min_fitness,mean_fitness,max_fitness,max_frequency,mean_distance
213,10000,0.8384158415841584,5.0,0.009536743164062517,0.1313947571648429,0.2260561342592594,6777,60.8503
