generation,population_size,mean_diversity,max_diversity,min_fitness,mean_fitness,max_fitness,max_frequency,mean_distance
213,10000,0.7001980198019802,5.0,0.03616898148148149,0.44584149144807095,0.48225308641975306,7031,54.317
