generation,population_size,mean_diversity,max_diversity,min_fitness,mean_fitness,max_fitness,max_frequency,mean_distance
213,10000,0.31405940594059406,3.0,0.03616898148148152,0.35756896219133344,0.4340277777777781,7760,44.8283
