generation,population_size,mean_diversity,max_diversity,min_fitness,mean_fitness,max_fitness,max_frequency,mean_distance
213,10000,0.13465346534653466,3.0,0.0010728836059570315,0.01037060022354126,0.010728836059570316,9153,51.7703
