generation,population_size,mean_diversity,max_diversity,min_fitness,mean_fitness,max_fitness,max_frequency,mean_distance
213,10000,0.21188118811881188,3.0,0.008381903171539315,0.01671787351369858,0.02235174179077151,9553,46.1077
