generation,population_size,mean_diversity,max_diversity,min_fitness,mean_fitness,max_fitness,max_frequency,mean_distance
213,10000,0.2744554455445545,3.0,0.012207031250000014,0.16024597167970447,0.21701388888888892,8387,56.0797
