generation,population_size,mean_diversity,max_diversity,min_fitness,mean_fitness,max_fitness,max_frequency,mean_distance
213,10000,4.5009900990099005,11.0,0.020833333333333356,0.7166134982638318,0.8333333333333338,842,62.1482
