generation,population_size,mean_diversity,max_diversity,min_fitness,mean_fitness,max_fitness,max_frequency,mean_distance
213,10000,0.019801980198019802,1.0,0.00993410746256511,0.019863744576774204,0.01986821492513022,9974,2.0464
