generation,population_size,mean_diversity,max_diversity,min_fitness,mean_fitness,max_fitness,max_frequency,mean_distance
213,10000,114.49029702970297,181.0,2.7030980534516577E-62,7.901395055612825E-50,1.1197644422701254E-46,1,1797.3512
