generation,population_size,mean_diversity,max_diversity,min_fitness,mean_fitness,max_fitness,max_frequency,mean_distance
213,10000,5.232079207920792,13.0,0.0034722222222222246,0.5947128472221691,0.6944444444444449,720,64.6814
