generation,population_size,mean_diversity,max_diversity,min_fitness,mean_fitness,max_fitness,max_frequency,mean_distance
213,10000,4.817623762376238,13.0,0.0018750000000000008,0.6910163541666647,1.0000000000000004,1226,64.2825
