generation,population_size,mean_diversity,max_diversity,min_fitness,mean_fitness,max_fitness,max_frequency,mean_distance
213,10000,4.1118811881188115,12.0,0.0028935185185185197,0.4937004585423445,0.5787037037037038,1116,62.4871
