generation,population_size,mean_diversity,max_diversity,min_fitness,mean_fitness,max_fitness,max_frequency,mean_distance
213,10000,3.045148514851485,9.0,0.0018084490740740763,0.3094923934622415,0.43402777777777785,1404,69.2443
