generation,population_size,mean_diversity,max_diversity,min_fitness,mean_fitness,max_fitness,max_frequency,mean_distance
213,10000,3.181980198019802,11.0,0.004340277777777785,0.37361511079766885,0.4340277777777783,1608,63.1393
