generation,population_size,mean_diversity,max_diversity,min_fitness,mean_fitness,max_fitness,max_frequency,mean_distance
213,10000,0.039603960396039604,2.0,0.08333333333333337,0.8318083333332239,0.8333333333333334,9650,29.1905
