generation,population_size,mean_diversity,max_diversity,min_fitness,mean_fitness,max_fitness,max_frequency,mean_distance
213,10000,2.778217821782178,8.0,0.0034722222222222246,0.5941812427661571,0.6944444444444449,1508,64.5243
