generation,population_size,mean_diversity,max_diversity,min_fitness,mean_fitness,max_fitness,max_frequency,mean_distance
213,10000,0.5318811881188119,4.0,0.024414062500000017,0.24128529866536447,0.3255208333333334,8353,44.2248
