generation,population_size,mean_diversity,max_diversity,min_fitness,mean_fitness,max_fitness,max_frequency,mean_distance
213,10000,81.92811881188119,134.0,1.0403350687853577E-66,1.1968889639294257E-54,1.1350416850366471E-51,1,1797.4103
