generation,population_size,mean_diversity,max_diversity,min_fitness,mean_fitness,max_fitness,max_frequency,mean_distance
213,10000,2.4384158415841584,8.0,0.0027126736111111075,0.26113812921468593,0.3616898148148149,2052,73.1994
