generation,population_size,mean_diversity,max_diversity,min_fitness,mean_fitness,max_fitness,max_frequency,mean_distance
213,10000,0.05900990099009901,2.0,4.2433384805917805E-4,0.004283331945771352,0.005657784640789036,9170,15.5305
