generation,population_size,mean_diversity,max_diversity,min_fitness,mean_fitness,max_fitness,max_frequency,mean_distance
213,10000,0.019801980198019802,1.0,0.021701388888888888,0.2168543836805648,0.21701388888888912,4847,4.1615
