generation,population_size,mean_diversity,max_diversity,min_fitness,mean_fitness,max_fitness,max_frequency,mean_distance
213,10000,0.8594059405940594,2.0,5.029141902923585E-4,0.004991766996681689,0.005029141902923586,6915,26.6424
