generation,population_size,mean_diversity,max_diversity,min_fitness,mean_fitness,max_fitness,max_frequency,mean_distance
213,10000,0.5544554455445545,4.0,0.013563368055555552,0.29270558298372545,0.36168981481481477,6536,58.0693
