generation,population_size,mean_diversity,max_diversity,min_fitness,mean_fitness,max_fitness,max_frequency,mean_distance
213,10000,0.07881188118811881,2.0,0.009042245370370374,0.09029149184991597,0.09042245370370376,9853,28.2529
