generation,population_size,mean_diversity,max_diversity,min_fitness,mean_fitness,max_fitness,max_frequency,mean_distance
213,10000,68.29485148514851,119.0,1.7344775694128193E-87,2.4935419354637652E-70,1.7761050310784546E-66,1,1797.3608
