generation,population_size,mean_diversity,max_diversity,min_fitness,mean_fitness,max_fitness,max_frequency,mean_distance
213,10000,0.019801980198019802,1.0,0.0014128508391203693,0.014129049984026745,0.028257016782407395,9880,37.0918
