generation,population_size,mean_diversity,max_diversity,min_fitness,mean_fitness,max_fitness,max_frequency,mean_distance
213,10000,0.11485148514851486,2.0,0.0034332275390625043,0.034393558502197275,0.06866455078125011,9363,42.8689
