generation,population_size,mean_diversity,max_diversity,min_fitness,mean_fitness,max_fitness,max_frequency,mean_distance
213,10000,0.019801980198019802,1.0,0.0019311904907226558,0.0025744700431823728,0.002574920654296874,9941,19.0829
