generation,population_size,mean_diversity,max_diversity,min_fitness,mean_fitness,max_fitness,max_frequency,mean_distance
213,10000,2.2859405940594058,6.0,0.011444091796875014,0.1346908473968506,0.1525878906250002,2993,50.8508
