generation,population_size,mean_diversity,max_diversity,min_fitness,mean_fitness,max_fitness,max_frequency,mean_distance
213,10000,0.11762376237623762,2.0,0.006103515625000006,0.06201792399088541,0.12207031250000004,9498,18.577
