generation,population_size,mean_diversity,max_diversity,min_fitness,mean_fitness,max_fitness,max_frequency,mean_distance
213,10000,2.763168316831683,11.0,0.0028935185185185223,0.4989321670846548,0.5787037037037044,1748,63.2103
