generation,population_size,mean_diversity,max_diversity,min_fitness,mean_fitness,max_fitness,max_frequency,mean_distance
213,10000,117.30059405940594,269.0,2.3283489425659486E-66,1.9766373112078244E-53,1.2345904397527686E-50,1,1796.9865
