generation,population_size,mean_diversity,max_diversity,min_fitness,mean_fitness,max_fitness,max_frequency,mean_distance
213,10000,0.37623762376237624,1.0,6.034970283508303E-4,0.001083820313215256,0.0012069940567016608,7930,8.1805
