generation,population_size,mean_diversity,max_diversity,min_fitness,mean_fitness,max_fitness,max_frequency,mean_distance
213,10000,81.09643564356436,145.0,1.3764191984428305E-65,1.1864812891998545E-54,5.8452845565766945E-52,1,1797.8693
