generation,population_size,mean_diversity,max_diversity,min_fitness,mean_fitness,max_fitness,max_frequency,mean_distance
213,10000,3.6015841584158417,11.0,0.0020093878600823062,0.34498305109247906,0.401877572016461,1567,63.3811
