generation,population_size,mean_diversity,max_diversity,min_fitness,mean_fitness,max_fitness,max_frequency,mean_distance
213,10000,2.1013861386138615,6.0,0.008333333333333342,0.7113066579860566,0.8333333333333334,3248,66.6287
