generation,population_size,mean_diversity,max_diversity,min_fitness,mean_fitness,max_fitness,max_frequency,mean_distance
213,10000,1.988118811881188,8.0,0.0015070408950617299,0.2625866399380348,0.3616898148148147,1600,68.4752
