generation,population_size,mean_diversity,max_diversity,min_fitness,mean_fitness,max_fitness,max_frequency,mean_distance
213,10000,0.37544554455445545,4.0,0.02777777777777778,0.5465983796297054,0.5555555555555557,3884,28.7168
