generation,population_size,mean_diversity,max_diversity,min_fitness,mean_fitness,max_fitness,max_frequency,mean_distance
213,10000,3.9603960396039604,10.0,0.003616898148148153,0.32715961446879543,0.5787037037037037,793,68.9348
