generation,population_size,mean_diversity,max_diversity,min_fitness,mean_fitness,max_fitness,max_frequency,mean_distance
213,10000,0.03920792079207921,1.0,0.08333333333333337,0.8325444444443352,0.9999999999999999,9907,40.9798
