generation,population_size,mean_diversity,max_diversity,min_fitness,mean_fitness,max_fitness,max_frequency,mean_distance
213,10000,1.441980198019802,4.0,0.008239746093749998,0.12861347579956056,0.16479492187500003,3631,55.4232
