generation,population_size,mean_diversity,max_diversity,min_fitness,mean_fitness,max_fitness,max_frequency,mean_distance
213,10000,0.45900990099009903,3.0,0.02712673611111112,0.30920694986982594,0.43402777777777785,3190,26.579
