generation,population_size,mean_diversity,max_diversity,min_fitness,mean_fitness,max_fitness,max_frequency,mean_distance
213,10000,0.7267326732673267,4.0,0.005960464477539062,0.07183343999916013,0.10596381293402767,6368,49.4453
