generation,population_size,mean_diversity,max_diversity,min_fitness,mean_fitness,max_fitness,max_frequency,mean_distance
213,10000,0.019801980198019802,1.0,0.00362098217010498,0.007241059094667435,0.007241964340209961,9929,14.0437
