generation,population_size,mean_diversity,max_diversity,min_fitness,mean_fitness,max_fitness,max_frequency,mean_distance
213,10000,2.880990099009901,11.0,0.0028935185185185197,0.24742003339604315,0.28935185185185186,1176,59.2293
