generation,population_size,mean_diversity,max_diversity,min_fitness,mean_fitness,max_fitness,max_frequency,mean_distance
213,10000,119.23683168316832,181.0,1.1292171675864865E-87,6.372581629610074E-71,2.4391090819863876E-67,1,1797.9623
