generation,population_size,mean_diversity,max_diversity,min_fitness,mean_fitness,max_fitness,max_frequency,mean_distance
213,10000,0.019801980198019802,1.0,0.0038623809814453186,0.03852184295654298,0.03862380981445316,8806,28.366
