generation,population_size,mean_diversity,max_diversity,min_fitness,mean_fitness,max_fitness,max_frequency,mean_distance
213,10000,0.9481188118811881,4.0,0.0018838011188271604,0.19685617559401594,0.30140817901234573,4683,27.604
