generation,population_size,mean_diversity,max_diversity,min_fitness,mean_fitness,max_fitness,max_frequency,mean_distance
213,10000,0.9295049504950496,5.0,0.004340277777777781,0.3883763563368512,0.4340277777777779,5948,56.5502
