generation,population_size,mean_diversity,max_diversity,min_fitness,mean_fitness,max_fitness,max_frequency,mean_distance
213,10000,0.2807920792079208,3.0,0.0015087425708770745,0.01939284894615412,0.020116567611694364,8073,12.983
