generation,population_size,mean_diversity,max_diversity,min_fitness,mean_fitness,max_fitness,max_frequency,mean_distance
213,10000,0.0594059405940594,2.0,0.0014483928680419933,0.014460669904947284,0.019311904907226562,9832,40.9717
