generation,population_size,mean_diversity,max_diversity,min_fitness,mean_fitness,max_fitness,max_frequency,mean_distance
213,10000,2.5203960396039604,7.0,0.012207031250000014,0.16553620345504524,0.20345052083333337,3000,50.2401
