generation,population_size,mean_diversity,max_diversity,min_fitness,mean_fitness,max_fitness,max_frequency,mean_distance
213,10000,2.6910891089108913,10.0,0.001736111111111112,0.29590707465275246,0.3472222222222222,2626,69.2029
