generation,population_size,mean_diversity,max_diversity,min_fitness,mean_fitness,max_fitness,max_frequency,mean_distance
213,10000,129.02415841584158,200.0,4.3013099951340915E-68,2.1011169950439886E-56,2.346439282510231E-53,1,1797.2326
