generation,population_size,mean_diversity,max_diversity,min_fitness,mean_fitness,max_fitness,max_frequency,mean_distance
213,10000,0.07683168316831683,1.0,0.0028610229492187526,0.028658103942871098,0.03814697265625004,9817,46.904
