generation,population_size,mean_diversity,max_diversity,min_fitness,mean_fitness,max_fitness,max_frequency,mean_distance
213,10000,0.1801980198019802,1.0,8.147209882736215E-4,0.001115153878927231,0.0014483928680419933,9141,1.796
