generation,population_size,mean_diversity,max_diversity,min_fitness,mean_fitness,max_fitness,max_frequency,mean_distance
213,10000,0.5881188118811881,2.0,3.3946707844734154E-4,0.003338090109173208,0.003394670784473416,6841,42.4053
