generation,population_size,mean_diversity,max_diversity,min_fitness,mean_fitness,max_fitness,max_frequency,mean_distance
213,10000,2.2134653465346537,7.0,0.008239746093750005,0.17126224517822267,0.2441406250000001,3687,53.6091
