generation,population_size,mean_diversity,max_diversity,min_fitness,mean_fitness,max_fitness,max_frequency,mean_distance
213,10000,1.5231683168316832,7.0,0.009419005594135811,0.1967373077434191,0.25117348251028815,5339,49.1042
