generation,population_size,mean_diversity,max_diversity,min_fitness,mean_fitness,max_fitness,max_frequency,mean_distance
213,10000,4.786930693069307,12.0,0.0031250000000000036,0.7150236458332702,1.0000000000000007,943,62.6413
