generation,population_size,mean_diversity,max_diversity,min_fitness,mean_fitness,max_fitness,max_frequency,mean_distance
213,10000,2.798019801980198,10.0,0.0028935185185185197,0.5132282061792828,0.6944444444444443,1579,64.9198
