generation,population_size,mean_diversity,max_diversity,min_fitness,mean_fitness,max_fitness,max_frequency,mean_distance
213,10000,2.944158415841584,9.0,0.004340277777777781,0.36853076247228966,0.5208333333333334,1583,64.6892
