generation,population_size,mean_diversity,max_diversity,min_fitness,mean_fitness,max_fitness,max_frequency,mean_distance
213,10000,1.4467326732673267,5.0,0.008583068847656253,0.09222072760264081,0.12715657552083334,6439,53.8407
