generation,population_size,mean_diversity,max_diversity,min_fitness,mean_fitness,max_fitness,max_frequency,mean_distance
213,10000,0.4174257425742574,4.0,0.009419005594135811,0.1799627704384677,0.22605613425925958,8112,53.3748
