generation,population_size,mean_diversity,max_diversity,min_fitness,mean_fitness,max_fitness,max_frequency,mean_distance
213,10000,0.8388118811881188,4.0,0.024112654320987685,0.5118581211419843,0.5787037037037042,5162,50.3896
