generation,population_size,mean_diversity,max_diversity,min_fitness,mean_fitness,max_fitness,max_frequency,mean_distance
213,10000,0.03920792079207921,1.0,0.08333333333333337,0.8322930555554463,0.8333333333333334,6617,28.6417
