generation,population_size,mean_diversity,max_diversity,min_fitness,mean_fitness,max_fitness,max_frequency,mean_distance
213,10000,2.532079207920792,8.0,0.0028935185185185197,0.49472976948305974,0.5787037037037036,2133,64.9214
