generation,population_size,mean_diversity,max_diversity,min_fitness,mean_fitness,max_fitness,max_frequency,mean_distance
213,10000,0.37544554455445545,3.0,0.034722222222222224,0.6838194444443647,0.6944444444444445,8120,30.8747
