generation,population_size,mean_diversity,max_diversity,min_fitness,mean_fitness,max_fitness,max_frequency,mean_distance
213,10000,0.504950495049505,3.0,0.002413988113403315,0.026025246083736416,0.03218650817871086,7826,58.0876
