generation,population_size,mean_diversity,max_diversity,min_fitness,mean_fitness,max_fitness,max_frequency,mean_distance
213,10000,0.2958415841584158,1.0,0.03433227539062502,0.08587303161621095,0.09155273437500006,7502,21.0269
