generation,population_size,mean_diversity,max_diversity,min_fitness,mean_fitness,max_fitness,max_frequency,mean_distance
213,10000,0.4768316831683168,3.0,0.01808449074074075,0.16833812572337875,0.18084490740740755,7245,40.9319
