generation,population_size,mean_diversity,max_diversity,min_fitness,mean_fitness,max_fitness,max_frequency,mean_distance
213,10000,0.09504950495049505,1.0,1.4144461601972585E-4,0.001403689297148958,0.0014144461601972589,9603,35.9182
