generation,population_size,mean_diversity,max_diversity,min_fitness,mean_fitness,max_fitness,max_frequency,mean_distance
213,10000,2.9304950495049504,9.0,0.005208333333333334,0.5099298849826377,0.6250000000000001,2035,73.0963
