generation,population_size,mean_diversity,max_diversity,min_fitness,mean_fitness,max_fitness,max_frequency,mean_distance
213,10000,0.15801980198019802,4.0,0.016276041666666668,0.32061306423614483,0.4340277777777779,8931,51.7096
