generation,population_size,mean_diversity,max_diversity,min_fitness,mean_fitness,max_fitness,max_frequency,mean_distance
213,10000,0.22574257425742575,2.0,0.01808449074074075,0.18059353298609745,0.18084490740740747,9354,33.2455
