generation,population_size,mean_diversity,max_diversity,min_fitness,mean_fitness,max_fitness,max_frequency,mean_distance
213,10000,0.09663366336633664,2.0,0.007324218750000003,0.07669946289062501,0.14648437500000003,9362,30.2437
