generation,population_size,mean_diversity,max_diversity,min_fitness,mean_fitness,max_fitness,max_frequency,mean_distance
213,10000,2.2827722772277226,8.0,0.008333333333333342,0.7597784421295812,1.0000000000000002,2468,67.1947
