generation,population_size,mean_diversity,max_diversity,min_fitness,mean_fitness,max_fitness,max_frequency,mean_distance
213,10000,2.6372277227722773,8.0,8.381903171539291E-4,0.019979089498519894,0.029802322387695233,2747,54.0788
