generation,population_size,mean_diversity,max_diversity,min_fitness,mean_fitness,max_fitness,max_frequency,mean_distance
213,10000,4.797227722772277,13.0,0.0013563368055555562,0.18507188208308437,0.36168981481481466,1658,69.5233
