generation,population_size,mean_diversity,max_diversity,min_fitness,mean_fitness,max_fitness,max_frequency,mean_distance
213,10000,0.3722772277227723,6.0,0.011444091796875014,0.13515573120117189,0.1831054687500002,8626,47.0925
