generation,population_size,mean_diversity,max_diversity,min_fitness,mean_fitness,max_fitness,max_frequency,mean_distance
213,10000,3.525940594059406,11.0,0.0036168981481481464,0.28930800491562514,0.4340277777777771,2819,58.6694
