generation,population_size,mean_diversity,max_diversity,min_fitness,mean_fitness,max_fitness,max_frequency,mean_distance
213,10000,0.019801980198019802,1.0,0.0023841857910156267,0.004767179489135743,0.0047683715820312535,9798,0.3742
