generation,population_size,mean_diversity,max_diversity,min_fitness,mean_fitness,max_fitness,max_frequency,mean_distance
213,10000,2.9077227722772276,9.0,0.0025117348251028735,0.23842116252546952,0.4018775720164595,2218,72.7147
