generation,population_size,mean_diversity,max_diversity,min_fitness,mean_fitness,max_fitness,max_frequency,mean_distance
213,10000,1.7413861386138614,7.0,0.009536743164062509,0.12641547344348814,0.16954210069444445,5539,46.5781
