generation,population_size,mean_diversity,max_diversity,min_fitness,mean_fitness,max_fitness,max_frequency,mean_distance
213,10000,0.4051485148514852,4.0,0.032552083333333384,0.32037367078996376,0.4340277777777783,8361,62.0412
