generation,population_size,mean_diversity,max_diversity,min_fitness,mean_fitness,max_fitness,max_frequency,mean_distance
213,10000,2.301386138613861,8.0,0.0034722222222222277,0.5944887381847535,0.6944444444444452,3125,65.2248
