generation,population_size,mean_diversity,max_diversity,min_fitness,mean_fitness,max_fitness,max_frequency,mean_distance
213,10000,0.07801980198019802,2.0,0.05000000000000001,0.5002599999999999,0.9999999999999999,9875,34.1155
