generation,population_size,mean_diversity,max_diversity,min_fitness,mean_fitness,max_fitness,max_frequency,mean_distance
213,10000,0.07920792079207921,2.0,0.014467592592592587,0.2848093291859616,0.28935185185185186,8257,46.8988
