generation,population_size,mean_diversity,max_diversity,min_fitness,mean_fitness,max_fitness,max_frequency,mean_distance
213,10000,0.019801980198019802,1.0,0.028610229492187535,0.05720663070678712,0.07629394531250008,9756,25.161
