generation,population_size,mean_diversity,max_diversity,min_fitness,mean_fitness,max_fitness,max_frequency,mean_distance
213,10000,2.9368316831683168,12.0,0.0013563368055555562,0.21342813801080524,0.36168981481481455,2938,68.777
