generation,population_size,mean_diversity,max_diversity,min_fitness,mean_fitness,max_fitness,max_frequency,mean_distance
213,10000,0.03920792079207921,1.0,6.789341568946837E-4,0.001357562793418765,0.0013578683137893677,8544,2.8503
