generation,population_size,mean_diversity,max_diversity,min_fitness,mean_fitness,max_fitness,max_frequency,mean_distance
213,10000,2.226930693069307,7.0,0.0015070408950617245,0.14461161169986123,0.28935185185185075,2560,70.2418
