generation,population_size,mean_diversity,max_diversity,min_fitness,mean_fitness,max_fitness,max_frequency,mean_distance
213,10000,0.35485148514851483,3.0,0.06250000000000006,0.8209611111109972,0.8333333333333338,7482,27.4002
