generation,population_size,mean_diversity,max_diversity,min_fitness,mean_fitness,max_fitness,max_frequency,mean_distance
213,10000,0.24277227722772277,2.0,0.0021192762586805603,0.021611044141977266,0.028257016782407444,8870,40.116
