generation,population_size,mean_diversity,max_diversity,min_fitness,mean_fitness,max_fitness,max_frequency,mean_distance
213,10000,5.238019801980198,12.0,0.0028935185185185223,0.2492222825038753,0.2893518518518521,528,61.5873
