generation,population_size,mean_diversity,max_diversity,min_fitness,mean_fitness,max_fitness,max_frequency,mean_distance
213,10000,2.261386138613861,9.0,0.004340277777777777,0.38210711443867945,0.5208333333333327,3189,68.1689
