generation,population_size,mean_diversity,max_diversity,min_fitness,mean_fitness,max_fitness,max_frequency,mean_distance
213,10000,102.59287128712872,174.0,2.3708140276911575E-82,2.0004524338113193E-67,3.5966126879339935E-64,1,1797.7644
