generation,population_size,mean_diversity,max_diversity,min_fitness,mean_fitness,max_fitness,max_frequency,mean_distance
213,10000,0.16396039603960397,1.0,4.2915344238281293E-4,0.008188955783843996,0.008583068847656253,9074,25.9798
