generation,population_size,mean_diversity,max_diversity,min_fitness,mean_fitness,max_fitness,max_frequency,mean_distance
213,10000,0.36396039603960395,3.0,4.8279762268066385E-4,0.004799458980560302,0.00482797622680664,8958,50.5614
