generation,population_size,mean_diversity,max_diversity,min_fitness,mean_fitness,max_fitness,max_frequency,mean_distance
213,10000,0.5033663366336634,3.0,0.0010058283805847187,0.008506026584655048,0.010058283805847182,6061,17.0413
