generation,population_size,mean_diversity,max_diversity,min_fitness,mean_fitness,max_fitness,max_frequency,mean_distance
213,10000,0.30534653465346534,2.0,0.01808449074074075,0.23738258476938512,0.2893518518518518,4570,50.4327
