generation,population_size,mean_diversity,max_diversity,min_fitness,mean_fitness,max_fitness,max_frequency,mean_distance
213,10000,0.19801980198019803,2.0,0.07500000000000002,0.9838691666666671,1.0000000000000002,8695,51.7224
