generation,population_size,mean_diversity,max_diversity,min_fitness,mean_fitness,max_fitness,max_frequency,mean_distance
213,10000,0.019801980198019802,1.0,4.2915344238281293E-4,0.004289274215698243,0.0051498413085937535,9914,52.9527
