generation,population_size,mean_diversity,max_diversity,min_fitness,mean_fitness,max_fitness,max_frequency,mean_distance
213,10000,0.13861386138613863,2.0,0.057870370370370385,0.5695422212577257,0.5787037037037038,2220,26.5432
