generation,population_size,mean_diversity,max_diversity,min_fitness,mean_fitness,max_fitness,max_frequency,mean_distance
213,10000,0.19762376237623763,3.0,0.028935185185185217,0.571952160493834,0.6944444444444449,8783,46.6135
