generation,population_size,mean_diversity,max_diversity,min_fitness,mean_fitness,max_fitness,max_frequency,mean_distance
213,10000,5.006534653465346,14.0,0.005208333333333338,0.5930446469906946,0.6944444444444446,1030,59.8029
