generation,population_size,mean_diversity,max_diversity,min_fitness,mean_fitness,max_fitness,max_frequency,mean_distance
213,10000,0.6827722772277228,4.0,0.024414062500000038,0.2646576944987011,0.32552083333333376,5142,53.7577
