generation,population_size,mean_diversity,max_diversity,min_fitness,mean_fitness,max_fitness,max_frequency,mean_distance
213,10000,0.36594059405940593,1.0,0.0025749206542968763,0.015799970626831056,0.025749206542968767,7652,25.4014
