generation,population_size,mean_diversity,max_diversity,min_fitness,mean_fitness,max_fitness,max_frequency,mean_distance
213,10000,0.561980198019802,2.0,0.015070408950617288,0.3379357525023732,0.40187757201646074,5349,52.3149
