generation,population_size,mean_diversity,max_diversity,min_fitness,mean_fitness,max_fitness,max_frequency,mean_distance
213,10000,87.81881188118813,153.0,5.0057371360220406E-64,2.4334216072311264E-52,1.2150221812827459E-49,1,1797.8434
