generation,population_size,mean_diversity,max_diversity,min_fitness,mean_fitness,max_fitness,max_frequency,mean_distance
213,10000,0.0594059405940594,2.0,0.012715657552083343,0.025453143649627353,0.05086263020833338,9635,34.1926
