generation,population_size,mean_diversity,max_diversity,min_fitness,mean_fitness,max_fitness,max_frequency,mean_distance
213,10000,0.039603960396039604,2.0,0.017361111111111112,0.17338281249997897,0.17361111111111113,9838,35.1513
