generation,population_size,mean_diversity,max_diversity,min_fitness,mean_fitness,max_fitness,max_frequency,mean_distance
213,10000,0.29465346534653464,2.0,2.0368024706840534E-4,0.0020342259155586365,0.0020368024706840537,9464,36.8141
