generation,population_size,mean_diversity,max_diversity,min_fitness,mean_fitness,max_fitness,max_frequency,mean_distance
213,10000,2.135049504950495,7.0,0.013732910156249995,0.16256608963012692,0.21972656249999992,4276,50.6912
