generation,population_size,mean_diversity,max_diversity,min_fitness,mean_fitness,max_fitness,max_frequency,mean_distance
213,10000,3.7013861386138616,10.0,0.0031250000000000006,0.4979475781249982,0.6249999999999996,1037,67.2087
