generation,population_size,mean_diversity,max_diversity,min_fitness,mean_fitness,max_fitness,max_frequency,mean_distance
213,10000,0.44435643564356436,1.0,0.013183593750000012,0.1630508056640625,0.17578125000000006,7101,24.4661
