generation,population_size,mean_diversity,max_diversity,min_fitness,mean_fitness,max_fitness,max_frequency,mean_distance
213,10000,2.7928712871287127,8.0,0.0031250000000000036,0.7183488541666017,0.8333333333333343,2482,66.9539
