generation,population_size,mean_diversity,max_diversity,min_fitness,mean_fitness,max_fitness,max_frequency,mean_distance
213,10000,0.1500990099009901,2.0,0.004119873046875003,0.042190658569335945,0.054931640625000014,5021,4.5065
