generation,population_size,mean_diversity,max_diversity,min_fitness,mean_fitness,max_fitness,max_frequency,mean_distance
213,10000,0.039603960396039604,2.0,0.08333333333333337,0.8319374999998901,0.8333333333333334,1059,2.8644
