generation,population_size,mean_diversity,max_diversity,min_fitness,mean_fitness,max_fitness,max_frequency,mean_distance
213,10000,3.8813861386138613,11.0,0.002343750000000003,0.5334327018229166,0.6250000000000004,1606,61.5376
