generation,population_size,mean_diversity,max_diversity,min_fitness,mean_fitness,max_fitness,max_frequency,mean_distance
213,10000,0.019801980198019802,1.0,8.58306884765626E-4,0.00858186721801758,0.00858306884765626,9939,10.0535
