generation,population_size,mean_diversity,max_diversity,min_fitness,mean_fitness,max_fitness,max_frequency,mean_distance
213,10000,2.783366336633663,11.0,0.001085069444444446,0.4955168487172391,0.6944444444444452,2164,61.8828
