generation,population_size,mean_diversity,max_diversity,min_fitness,mean_fitness,max_fitness,max_frequency,mean_distance
213,10000,4.421188118811881,11.0,0.005000000000000006,0.8568030625000023,1.0000000000000002,1140,61.0813
