generation,population_size,mean_diversity,max_diversity,min_fitness,mean_fitness,max_fitness,max_frequency,mean_distance
213,10000,0.5025742574257426,1.0,0.001716613769531252,0.015244774818420412,0.017166137695312524,5061,0.9317
