generation,population_size,mean_diversity,max_diversity,min_fitness,mean_fitness,max_fitness,max_frequency,mean_distance
213,10000,0.8332673267326732,4.0,0.021701388888888905,0.42424797453706226,0.5208333333333335,4112,54.8878
