generation,population_size,mean_diversity,max_diversity,min_fitness,mean_fitness,max_fitness,max_frequency,mean_distance
213,10000,0.019801980198019802,1.0,0.02083333333333334,0.20805312499997267,0.20833333333333334,9918,38.0172
