generation,population_size,mean_diversity,max_diversity,min_fitness,mean_fitness,max_fitness,max_frequency,mean_distance
213,10000,1.5588118811881189,4.0,0.013183593750000035,0.1329748718261719,0.17578125000000033,3555,48.343
