generation,population_size,mean_diversity,max_diversity,min_fitness,mean_fitness,max_fitness,max_frequency,mean_distance
213,10000,2.2855445544554454,9.0,0.0028935185185185223,0.4957564662101682,0.6944444444444449,2111,67.9516
