generation,population_size,mean_diversity,max_diversity,min_fitness,mean_fitness,max_fitness,max_frequency,mean_distance
213,10000,111.80336633663366,190.0,1.8560701355792432E-64,2.351395440060544E-52,2.4300443625652893E-49,1,1797.2132
