generation,population_size,mean_diversity,max_diversity,min_fitness,mean_fitness,max_fitness,max_frequency,mean_distance
213,10000,0.5037623762376238,1.0,4.577636718749996E-4,0.005259078979492187,0.009155273437499995,3216,4.2717
