generation,population_size,mean_diversity,max_diversity,min_fitness,mean_fitness,max_fitness,max_frequency,mean_distance
213,10000,3.7362376237623764,10.0,0.0028935185185185197,0.2562215209458689,0.43402777777777807,1253,66.7928
