generation,population_size,mean_diversity,max_diversity,min_fitness,mean_fitness,max_fitness,max_frequency,mean_distance
213,10000,0.6534653465346535,7.0,0.032552083333333384,0.3219645182292012,0.4340277777777783,8792,51.9316
