generation,population_size,mean_diversity,max_diversity,min_fitness,mean_fitness,max_fitness,max_frequency,mean_distance
213,10000,1.855841584158416,7.0,0.0018626451492309546,0.03436986512194076,0.04967053731282547,5884,52.3084
