generation,population_size,mean_diversity,max_diversity,min_fitness,mean_fitness,max_fitness,max_frequency,mean_distance
213,10000,0.019801980198019802,1.0,0.005364418029785158,0.010725617408752443,0.010728836059570316,8866,0.3439
