generation,population_size,mean_diversity,max_diversity,min_fitness,mean_fitness,max_fitness,max_frequency,mean_distance
213,10000,0.13623762376237625,3.0,1.7680577002465714E-4,0.0017837963605416003,0.0023574102669954265,9546,28.7915
