generation,population_size,mean_diversity,max_diversity,min_fitness,mean_fitness,max_fitness,max_frequency,mean_distance
213,10000,0.8091089108910892,4.0,0.030864197530864227,0.32953629115224486,0.38580246913580274,5026,52.1047
