generation,population_size,mean_diversity,max_diversity,min_fitness,mean_fitness,max_fitness,max_frequency,mean_distance
213,10000,0.07920792079207921,2.0,0.031250000000000014,0.31188281250000005,0.31250000000000006,9589,21.6079
