generation,population_size,mean_diversity,max_diversity,min_fitness,mean_fitness,max_fitness,max_frequency,mean_distance
213,10000,0.7275247524752475,5.0,0.015258789062500002,0.14887173970540363,0.2034505208333333,8496,57.1514
