generation,population_size,mean_diversity,max_diversity,min_fitness,mean_fitness,max_fitness,max_frequency,mean_distance
213,10000,0.8902970297029703,5.0,0.016276041666666668,0.3295770941840631,0.4340277777777779,7085,50.7034
