generation,population_size,mean_diversity,max_diversity,min_fitness,mean_fitness,max_fitness,max_frequency,mean_distance
213,10000,2.2669306930693067,10.0,0.003352761268615723,0.04137794673442841,0.05960464477539063,4576,55.3283
