generation,population_size,mean_diversity,max_diversity,min_fitness,mean_fitness,max_fitness,max_frequency,mean_distance
213,10000,3.4083168316831682,11.0,0.002411265432098768,0.45805759843324995,0.5787037037037039,2443,66.5524
