generation,population_size,mean_diversity,max_diversity,min_fitness,mean_fitness,max_fitness,max_frequency,mean_distance
213,10000,2.316039603960396,7.0,0.008138020833333348,0.14603468577067427,0.18310546875000028,4803,47.9572
