generation,population_size,mean_diversity,max_diversity,min_fitness,mean_fitness,max_fitness,max_frequency,mean_distance
213,10000,0.3081188118811881,3.0,1.7680577002465714E-4,0.0017363299048156473,0.0017680577002465703,8943,45.0835
