generation,population_size,mean_diversity,max_diversity,min_fitness,mean_fitness,max_fitness,max_frequency,mean_distance
213,10000,0.6213861386138614,4.0,0.008333333333333342,0.8219591666665534,0.8333333333333338,7486,30.5754
