generation,population_size,mean_diversity,max_diversity,min_fitness,mean_fitness,max_fitness,max_frequency,mean_distance
213,10000,0.5635643564356435,4.0,0.032552083333333384,0.40464518229171015,0.4340277777777783,7414,25.3337
