generation,population_size,mean_diversity,max_diversity,min_fitness,mean_fitness,max_fitness,max_frequency,mean_distance
213,10000,0.039603960396039604,2.0,0.021093750000000012,0.21066960937500004,0.21093750000000006,9718,24.1014
