generation,population_size,mean_diversity,max_diversity,min_fitness,mean_fitness,max_fitness,max_frequency,mean_distance
213,10000,3.386138613861386,9.0,0.0034722222222222246,0.5942532262731001,0.6944444444444443,1501,63.8037
