generation,population_size,mean_diversity,max_diversity,min_fitness,mean_fitness,max_fitness,max_frequency,mean_distance
213,10000,28.285940594059404,45.0,1.8084490740740787E-5,0.07435457197432553,0.34722222222222293,27,200.9258
