generation,population_size,mean_diversity,max_diversity,min_fitness,mean_fitness,max_fitness,max_frequency,mean_distance
213,10000,1.0495049504950495,4.0,0.02712673611111111,0.05416304976852086,0.05425347222222222,5019,37.5571
