generation,population_size,mean_diversity,max_diversity,min_fitness,mean_fitness,max_fitness,max_frequency,mean_distance
213,10000,0.7401980198019802,4.0,0.011444091796875014,0.13714556694030763,0.20345052083333337,1785,31.77
