generation,population_size,mean_diversity,max_diversity,min_fitness,mean_fitness,max_fitness,max_frequency,mean_distance
213,10000,0.09861386138613862,2.0,0.23437500000000003,0.46813671875000007,0.46875000000000006,9611,15.627
