generation,population_size,mean_diversity,max_diversity,min_fitness,mean_fitness,max_fitness,max_frequency,mean_distance
213,10000,3.7162376237623764,11.0,0.010000000000000014,0.8560274166666691,1.0000000000000004,1021,60.2331
