generation,population_size,mean_diversity,max_diversity,min_fitness,mean_fitness,max_fitness,max_frequency,mean_distance
213,10000,0.36396039603960395,2.0,0.004340277777777777,0.04724211516203504,0.11574074074074074,7268,41.1455
