generation,population_size,mean_diversity,max_diversity,min_fitness,mean_fitness,max_fitness,max_frequency,mean_distance
213,10000,0.019801980198019802,1.0,0.15625000000000003,0.31222395833333333,0.31250000000000006,4931,17.0723
