generation,population_size,mean_diversity,max_diversity,min_fitness,mean_fitness,max_fitness,max_frequency,mean_distance
213,10000,0.9952475247524752,4.0,0.0014901161193847598,0.028608664870262118,0.03973642985026027,5643,47.2983
