generation,population_size,mean_diversity,max_diversity,min_fitness,mean_fitness,max_fitness,max_frequency,mean_distance
213,10000,0.6031683168316831,3.0,0.024112654320987685,0.49497990612141174,0.5787037037037042,7244,55.7199
