generation,population_size,mean_diversity,max_diversity,min_fitness,mean_fitness,max_fitness,max_frequency,mean_distance
213,10000,53.302772277227724,125.0,3.4101216596713144E-84,7.066878502559546E-68,1.0912389310946433E-64,1,1797.5564
