generation,population_size,mean_diversity,max_diversity,min_fitness,mean_fitness,max_fitness,max_frequency,mean_distance
213,10000,0.7873267326732674,6.0,0.02712673611111112,0.30840374981917296,0.43402777777777773,4545,47.8632
