generation,population_size,mean_diversity,max_diversity,min_fitness,mean_fitness,max_fitness,max_frequency,mean_distance
213,10000,92.34772277227722,137.0,2.2996038938926342E-66,5.8781406492526515E-55,1.2193485824719925E-51,1,1797.4749
