generation,population_size,mean_diversity,max_diversity,min_fitness,mean_fitness,max_fitness,max_frequency,mean_distance
213,10000,108.43861386138614,183.0,1.5276297412176065E-67,5.2312654957586246E-55,3.892461196970432E-52,1,1797.4708
