generation,population_size,mean_diversity,max_diversity,min_fitness,mean_fitness,max_fitness,max_frequency,mean_distance
213,10000,2.4576237623762376,12.0,0.003014081790123457,0.2774876462415682,0.4340277777777776,2672,69.5414
