generation,population_size,mean_diversity,max_diversity,min_fitness,mean_fitness,max_fitness,max_frequency,mean_distance
213,10000,0.019801980198019802,1.0,0.0025431315104166683,0.0025431315104169567,0.0025431315104166683,9771,0.2616
