generation,population_size,mean_diversity,max_diversity,min_fitness,mean_fitness,max_fitness,max_frequency,mean_distance
213,10000,0.6558415841584159,4.0,0.0035762786865234375,0.07504791021347047,0.09536743164062501,7303,52.0615
