generation,population_size,mean_diversity,max_diversity,min_fitness,mean_fitness,max_fitness,max_frequency,mean_distance
213,10000,0.019801980198019802,1.0,0.031250000000000014,0.31204531250000006,0.31250000000000006,9359,13.9995
