generation,population_size,mean_diversity,max_diversity,min_fitness,mean_fitness,max_fitness,max_frequency,mean_distance
213,10000,96.57920792079207,189.0,3.1391956125054337E-68,2.0583226184282596E-56,1.4795876533835604E-53,1,1797.3851
