generation,population_size,mean_diversity,max_diversity,min_fitness,mean_fitness,max_fitness,max_frequency,mean_distance
213,10000,1.19009900990099,4.0,0.003352761268615729,0.04541770865519842,0.07152557373046878,4863,45.2509
