generation,population_size,mean_diversity,max_diversity,min_fitness,mean_fitness,max_fitness,max_frequency,mean_distance
213,10000,2.931089108910891,10.0,0.0034722222222222277,0.5959903501156893,0.6944444444444452,2488,66.7504
