generation,population_size,mean_diversity,max_diversity,min_fitness,mean_fitness,max_fitness,max_frequency,mean_distance
213,10000,0.039603960396039604,2.0,0.01157407407407408,0.11554108796296592,0.11574074074074078,9878,50.9601
