generation,population_size,mean_diversity,max_diversity,min_fitness,mean_fitness,max_fitness,max_frequency,mean_distance
213,10000,1.2198019801980198,4.0,0.003862380981445312,0.07560295343399047,0.1029968261718749,6220,42.0038
