generation,population_size,mean_diversity,max_diversity,min_fitness,mean_fitness,max_fitness,max_frequency,mean_distance
213,10000,4.1368316831683165,12.0,0.004166666666666671,0.7106613556133731,0.8333333333333336,1040,59.3965
