generation,population_size,mean_diversity,max_diversity,min_fitness,mean_fitness,max_fitness,max_frequency,mean_distance
213,10000,1.4534653465346534,6.0,0.002083333333333335,0.7100118402777177,0.8333333333333334,4682,71.2265
