generation,population_size,mean_diversity,max_diversity,min_fitness,mean_fitness,max_fitness,max_frequency,mean_distance
213,10000,0.19287128712871288,2.0,0.023437500000000024,0.23392031250000003,0.4687500000000004,9639,25.5724
