generation,population_size,mean_diversity,max_diversity,min_fitness,mean_fitness,max_fitness,max_frequency,mean_distance
213,10000,0.15207920792079208,2.0,0.010172526041666675,0.11062825520832661,0.20345052083333356,8981,37.8258
