generation,population_size,mean_diversity,max_diversity,min_fitness,mean_fitness,max_fitness,max_frequency,mean_distance
213,10000,0.019801980198019802,1.0,9.536743164062498E-4,0.001907110214233398,0.0019073486328124998,8112,2.4773
