generation,population_size,mean_diversity,max_diversity,min_fitness,mean_fitness,max_fitness,max_frequency,mean_distance
213,10000,0.019801980198019802,1.0,0.006103515625000006,0.060940653483072926,0.06103515625000005,7947,23.1683
