generation,population_size,mean_diversity,max_diversity,min_fitness,mean_fitness,max_fitness,max_frequency,mean_distance
213,10000,2.0776237623762377,9.0,0.004340277777777781,0.4960399687339532,0.6944444444444444,3233,70.2616
