generation,population_size,mean_diversity,max_diversity,min_fitness,mean_fitness,max_fitness,max_frequency,mean_distance
213,10000,3.0316831683168317,11.0,0.005787037037037051,0.5113534525302371,0.6944444444444452,1240,65.3404
