generation,population_size,mean_diversity,max_diversity,min_fitness,mean_fitness,max_fitness,max_frequency,mean_distance
213,10000,3.7334653465346537,12.0,0.0034722222222222246,0.5944619936342075,0.6944444444444445,672,63.9953
