generation,population_size,mean_diversity,max_diversity,min_fitness,mean_fitness,max_fitness,max_frequency,mean_distance
213,10000,1.9706930693069307,9.0,0.008333333333333342,0.7070819907406869,0.8333333333333335,4034,65.6005
