generation,population_size,mean_diversity,max_diversity,min_fitness,mean_fitness,max_fitness,max_frequency,mean_distance
213,10000,0.09900990099009901,2.0,0.016276041666666696,0.3204802788628808,0.4340277777777783,9234,51.7607
