generation,population_size,mean_diversity,max_diversity,min_fitness,mean_fitness,max_fitness,max_frequency,mean_distance
213,10000,0.15603960396039604,2.0,0.009042245370370383,0.18327513643742724,0.2411265432098768,7097,43.938
