generation,population_size,mean_diversity,max_diversity,min_fitness,mean_fitness,max_fitness,max_frequency,mean_distance
213,10000,0.8938613861386139,5.0,0.014648437500000007,0.168700537109375,0.23437500000000003,4240,57.3413
