generation,population_size,mean_diversity,max_diversity,min_fitness,mean_fitness,max_fitness,max_frequency,mean_distance
213,10000,137.51148514851485,220.0,2.4140321836524996E-67,9.089525862598265E-56,1.0535171752557395E-52,1,1797.8527
