generation,population_size,mean_diversity,max_diversity,min_fitness,mean_fitness,max_fitness,max_frequency,mean_distance
213,10000,1.3235643564356436,5.0,0.009999999999999995,0.8533461736111134,0.9999999999999997,4690,72.5518
