generation,population_size,mean_diversity,max_diversity,min_fitness,mean_fitness,max_fitness,max_frequency,mean_distance
213,10000,0.09900990099009901,2.0,0.04822530864197533,0.4751273951903474,0.4822530864197532,6558,33.3334
