generation,population_size,mean_diversity,max_diversity,min_fitness,mean_fitness,max_fitness,max_frequency,mean_distance
213,10000,3.565742574257426,11.0,0.0028935185185185197,0.4954525270062164,0.6944444444444445,508,65.1856
