generation,population_size,mean_diversity,max_diversity,min_fitness,mean_fitness,max_fitness,max_frequency,mean_distance
213,10000,1.5497029702970297,7.0,0.002170138888888888,0.3124647344895228,0.4340277777777775,4001,53.6844
