generation,population_size,mean_diversity,max_diversity,min_fitness,mean_fitness,max_fitness,max_frequency,mean_distance
213,10000,0.5508910891089109,4.0,0.03750000000000001,0.49256500000000025,0.5000000000000001,6492,24.2465
