generation,population_size,mean_diversity,max_diversity,min_fitness,mean_fitness,max_fitness,max_frequency,mean_distance
213,10000,0.03920792079207921,1.0,0.016954210069444454,0.03389203106915922,0.033908420138888895,9928,0.0816
