generation,population_size,mean_diversity,max_diversity,min_fitness,mean_fitness,max_fitness,max_frequency,mean_distance
213,10000,0.039603960396039604,2.0,0.01666666666666667,0.16644500000001974,0.16666666666666669,3523,3.0794
