generation,population_size,mean_diversity,max_diversity,min_fitness,mean_fitness,max_fitness,max_frequency,mean_distance
213,10000,2.443960396039604,8.0,0.013020833333333324,0.42332673550831723,0.5208333333333326,3429,71.6338
