generation,population_size,mean_diversity,max_diversity,min_fitness,mean_fitness,max_fitness,max_frequency,mean_distance
213,10000,1.0934653465346535,4.0,0.0047683715820312535,0.11032013363308694,0.16954210069444448,3211,40.3184
