generation,population_size,mean_diversity,max_diversity,min_fitness,mean_fitness,max_fitness,max_frequency,mean_distance
213,10000,1.7786138613861386,5.0,0.005364418029785153,0.06932881474494933,0.09536743164062493,3287,53.5737
