generation,population_size,mean_diversity,max_diversity,min_fitness,mean_fitness,max_fitness,max_frequency,mean_distance
213,10000,1.0582178217821783,4.0,0.01831054687500004,0.22203486124674482,0.32552083333333376,4290,52.625
