generation,population_size,mean_diversity,max_diversity,min_fitness,mean_fitness,max_fitness,max_frequency,mean_distance
213,10000,0.23722772277227722,2.0,0.03472222222222221,0.34203761574070046,0.3472222222222222,4417,43.6862
