generation,population_size,mean_diversity,max_diversity,min_fitness,mean_fitness,max_fitness,max_frequency,mean_distance
213,10000,1.333861386138614,6.0,0.011444091796875014,0.11217937469482424,0.15258789062500006,6144,52.0549
