generation,population_size,mean_diversity,max_diversity,min_fitness,mean_fitness,max_fitness,max_frequency,mean_distance
213,10000,0.039603960396039604,2.0,0.001117587089538575,0.011151246726512909,0.013411045074462894,9806,35.2715
