generation,population_size,mean_diversity,max_diversity,min_fitness,mean_fitness,max_fitness,max_frequency,mean_distance
213,10000,75.79366336633663,125.0,3.5321915810190705E-64,2.6426800886971156E-52,2.9264365979328884E-49,1,1797.6042
