generation,population_size,mean_diversity,max_diversity,min_fitness,mean_fitness,max_fitness,max_frequency,mean_distance
213,10000,0.11801980198019801,2.0,0.011302806712962958,0.11545383783035232,0.22605613425925933,4701,3.6627
