generation,population_size,mean_diversity,max_diversity,min_fitness,mean_fitness,max_fitness,max_frequency,mean_distance
213,10000,0.24633663366336633,2.0,0.002011656761169434,0.020514272153377536,0.024139881134033214,8801,39.6196
