generation,population_size,mean_diversity,max_diversity,min_fitness,mean_fitness,max_fitness,max_frequency,mean_distance
213,10000,0.039603960396039604,2.0,0.0051498413085937535,0.05138709068298341,0.06866455078125004,9820,28.0919
