generation,population_size,mean_diversity,max_diversity,min_fitness,mean_fitness,max_fitness,max_frequency,mean_distance
213,10000,0.019801980198019802,1.0,0.004521122685185187,0.04517588674285929,0.054253472222222245,9872,4.4898
