generation,population_size,mean_diversity,max_diversity,min_fitness,mean_fitness,max_fitness,max_frequency,mean_distance
213,10000,4.356039603960396,12.0,0.003333333333333334,0.36745807638888106,0.5000000000000002,1689,69.8861
