generation,population_size,mean_diversity,max_diversity,min_fitness,mean_fitness,max_fitness,max_frequency,mean_distance
213,10000,0.26613861386138615,2.0,0.010172526041666675,0.11651594373914695,0.20345052083333337,8261,33.1061
