generation,population_size,mean_diversity,max_diversity,min_fitness,mean_fitness,max_fitness,max_frequency,mean_distance
213,10000,2.394257425742574,9.0,0.0027777777777777775,0.4784423842593165,0.6944444444444444,2872,67.0086
