generation,population_size,mean_diversity,max_diversity,min_fitness,mean_fitness,max_fitness,max_frequency,mean_distance
213,10000,0.2966336633663366,2.0,0.025000000000000012,0.49230458333333366,0.5000000000000001,8799,38.1134
