generation,population_size,mean_diversity,max_diversity,min_fitness,mean_fitness,max_fitness,max_frequency,mean_distance
213,10000,1.2863366336633664,4.0,0.006103515625000001,0.12654680040147662,0.1627604166666667,3038,52.8349
