generation,population_size,mean_diversity,max_diversity,min_fitness,mean_fitness,max_fitness,max_frequency,mean_distance
213,10000,1.472079207920792,5.0,0.007233796296296306,0.08912471064814993,0.14467592592592604,4231,36.2268
