generation,population_size,mean_diversity,max_diversity,min_fitness,mean_fitness,max_fitness,max_frequency,mean_distance
213,10000,63.684950495049506,103.0,2.2840856881155426E-84,7.1229306181484124E-68,1.1694518723149876E-64,1,1797.2869
