generation,population_size,mean_diversity,max_diversity,min_fitness,mean_fitness,max_fitness,max_frequency,mean_distance
213,10000,3.9247524752475247,14.0,0.0034722222222222246,0.5923252314814297,0.6944444444444452,1179,63.4572
