generation,population_size,mean_diversity,max_diversity,min_fitness,mean_fitness,max_fitness,max_frequency,mean_distance
213,10000,0.019801980198019802,1.0,0.15625000000000003,0.3119505208333334,0.31250000000000006,9849,27.2459
