generation,population_size,mean_diversity,max_diversity,min_fitness,mean_fitness,max_fitness,max_frequency,mean_distance
213,10000,2.8986138613861385,10.0,0.0034722222222222246,0.6122390904706317,0.8333333333333331,1061,68.2598
