generation,population_size,mean_diversity,max_diversity,min_fitness,mean_fitness,max_fitness,max_frequency,mean_distance
213,10000,0.2748514851485149,4.0,0.024414062500000017,0.32362123842596086,0.4340277777777779,8573,54.1683
