generation,population_size,mean_diversity,max_diversity,min_fitness,mean_fitness,max_fitness,max_frequency,mean_distance
213,10000,119.60653465346535,199.0,1.0011474272043625E-61,4.1505357592451193E-50,1.5569844787882074E-47,1,1797.4271
