generation,population_size,mean_diversity,max_diversity,min_fitness,mean_fitness,max_fitness,max_frequency,mean_distance
213,10000,0.7433663366336634,2.0,0.0019890649127773923,0.0049928203497984205,0.007072230800986282,6001,37.55
