generation,population_size,mean_diversity,max_diversity,min_fitness,mean_fitness,max_fitness,max_frequency,mean_distance
213,10000,3.464158415841584,12.0,0.001757812500000001,0.40878193359374987,0.6250000000000003,1844,70.4107
