generation,population_size,mean_diversity,max_diversity,min_fitness,mean_fitness,max_fitness,max_frequency,mean_distance
213,10000,1.213069306930693,4.0,0.01157407407407408,0.22214256365741097,0.28935185185185197,4407,45.5043
