generation,population_size,mean_diversity,max_diversity,min_fitness,mean_fitness,max_fitness,max_frequency,mean_distance
213,10000,0.039603960396039604,2.0,0.0025749206542968763,0.025708479881286626,0.025749206542968767,9852,29.0198
