generation,population_size,mean_diversity,max_diversity,min_fitness,mean_fitness,max_fitness,max_frequency,mean_distance
213,10000,101.48019801980197,185.0,3.3034060762631495E-69,3.787386170320806E-56,3.6947971518118714E-53,1,1797.5135
