generation,population_size,mean_diversity,max_diversity,min_fitness,mean_fitness,max_fitness,max_frequency,mean_distance
213,10000,0.09504950495049505,1.0,7.458993422915234E-4,0.0010027821031144415,0.0011934389476664377,9582,27.8753
