generation,population_size,mean_diversity,max_diversity,min_fitness,mean_fitness,max_fitness,max_frequency,mean_distance
213,10000,0.29227722772277226,3.0,0.05208333333333335,0.5746268325617323,0.6944444444444446,6839,36.6108
