generation,population_size,mean_diversity,max_diversity,min_fitness,mean_fitness,max_fitness,max_frequency,mean_distance
213,10000,0.15247524752475247,3.0,6.103515624999999E-4,0.006258839925130216,0.012207031249999991,9589,51.2522
