generation,population_size,mean_diversity,max_diversity,min_fitness,mean_fitness,max_fitness,max_frequency,mean_distance
213,10000,3.278217821782178,10.0,0.001736111111111112,0.2979446614583071,0.41666666666666635,1506,65.8769
