generation,population_size,mean_diversity,max_diversity,min_fitness,mean_fitness,max_fitness,max_frequency,mean_distance
213,10000,2.655049504950495,12.0,0.002034505208333333,0.16215817751707096,0.2712673611111103,2440,67.2139
