generation,population_size,mean_diversity,max_diversity,min_fitness,mean_fitness,max_fitness,max_frequency,mean_distance
213,10000,101.78277227722772,171.0,2.071980443274589E-66,4.9504512058255926E-55,1.3198720964118825E-52,1,1796.3114
