generation,population_size,mean_diversity,max_diversity,min_fitness,mean_fitness,max_fitness,max_frequency,mean_distance
213,10000,0.43247524752475247,4.0,0.08333333333333337,0.8202090277776642,0.8333333333333335,7973,20.3753
