generation,population_size,mean_diversity,max_diversity,min_fitness,mean_fitness,max_fitness,max_frequency,mean_distance
213,10000,1.4716831683168317,7.0,0.024414062500000007,0.3185854763455179,0.43402777777777773,6923,53.3026
