generation,population_size,mean_diversity,max_diversity,min_fitness,mean_fitness,max_fitness,max_frequency,mean_distance
213,10000,2.8423762376237622,12.0,0.001808449074074073,0.30627321784879236,0.5208333333333328,1520,72.993
