generation,population_size,mean_diversity,max_diversity,min_fitness,mean_fitness,max_fitness,max_frequency,mean_distance
213,10000,0.23564356435643563,2.0,0.0018104910850524915,0.0037403739988803872,0.004827976226806644,8835,42.4167
