generation,population_size,mean_diversity,max_diversity,min_fitness,mean_fitness,max_fitness,max_frequency,mean_distance
213,10000,80.07524752475247,144.0,1.2656481055028105E-61,3.1246683893734325E-48,5.3025255626927677E-45,1,1797.5318
