generation,population_size,mean_diversity,max_diversity,min_fitness,mean_fitness,max_fitness,max_frequency,mean_distance
213,10000,0.5136633663366337,2.0,0.0022888183593750004,0.02519037246704102,0.030517578125000007,5849,39.0203
