generation,population_size,mean_diversity,max_diversity,min_fitness,mean_fitness,max_fitness,max_frequency,mean_distance
213,10000,3.8586138613861385,12.0,0.0034722222222222246,0.5963376736110658,0.6944444444444448,1085,63.684
