generation,population_size,mean_diversity,max_diversity,min_fitness,mean_fitness,max_fitness,max_frequency,mean_distance
213,10000,0.27524752475247527,2.0,0.003352761268615723,0.008610356599092484,0.008940696716308594,8549,46.421
