generation,population_size,mean_diversity,max_diversity,min_fitness,mean_fitness,max_fitness,max_frequency,mean_distance
213,10000,4.481782178217822,12.0,0.005000000000000006,0.8594551250000068,1.0000000000000002,1000,62.7974
