generation,population_size,mean_diversity,max_diversity,min_fitness,mean_fitness,max_fitness,max_frequency,mean_distance
213,10000,2.240792079207921,7.0,0.003576278686523441,0.08276485800743104,0.11444091796875006,4389,52.7594
