generation,population_size,mean_diversity,max_diversity,min_fitness,mean_fitness,max_fitness,max_frequency,mean_distance
213,10000,0.39524752475247527,4.0,0.05000000000000003,0.9856258333333335,1.0000000000000002,6208,34.4149
