generation,population_size,mean_diversity,max_diversity,min_fitness,mean_fitness,max_fitness,max_frequency,mean_distance
213,10000,0.019801980198019802,1.0,0.16666666666666669,0.3333000000000398,0.33333333333333337,9961,0.0834
