generation,population_size,mean_diversity,max_diversity,min_fitness,mean_fitness,max_fitness,max_frequency,mean_distance
213,10000,0.7908910891089109,4.0,0.039062500000000035,0.3805960286458334,0.5208333333333337,6675,57.4697
