generation,population_size,mean_diversity,max_diversity,min_fitness,mean_fitness,max_fitness,max_frequency,mean_distance
213,10000,0.019801980198019802,1.0,0.02712673611111112,0.27065429687503273,0.2712673611111111,4607,3.4885
