generation,population_size,mean_diversity,max_diversity,min_fitness,mean_fitness,max_fitness,max_frequency,mean_distance
213,10000,65.91861386138613,158.0,1.8293318114900772E-87,1.1266923823702704E-66,1.2787956223765125E-63,1,1797.1761
