generation,population_size,mean_diversity,max_diversity,min_fitness,mean_fitness,max_fitness,max_frequency,mean_distance
213,10000,5.8546534653465345,15.0,0.002083333333333335,0.7137918402777247,0.8333333333333337,300,60.4415
