generation,population_size,mean_diversity,max_diversity,min_fitness,mean_fitness,max_fitness,max_frequency,mean_distance
213,10000,0.3342574257425743,5.0,0.024112654320987685,0.47262803819446264,0.48225308641975345,8728,44.6795
