generation,population_size,mean_diversity,max_diversity,min_fitness,mean_fitness,max_fitness,max_frequency,mean_distance
213,10000,0.6035643564356435,3.0,0.0047683715820312535,0.09889701207479094,0.1271565755208334,7574,51.6651
