generation,population_size,mean_diversity,max_diversity,min_fitness,mean_fitness,max_fitness,max_frequency,mean_distance
213,10000,0.9932673267326733,2.0,0.015258789062500002,0.152276611328125,0.18310546875000008,5463,42.2373
