generation,population_size,mean_diversity,max_diversity,min_fitness,mean_fitness,max_fitness,max_frequency,mean_distance
213,10000,1.2685148514851485,4.0,0.006437301635742197,0.06770600080490113,0.08583068847656262,4860,47.5409
