generation,population_size,mean_diversity,max_diversity,min_fitness,mean_fitness,max_fitness,max_frequency,mean_distance
213,10000,2.342970297029703,6.0,0.005960464477539062,0.07818190587892233,0.10596381293402776,4626,54.6571
