generation,population_size,mean_diversity,max_diversity,min_fitness,mean_fitness,max_fitness,max_frequency,mean_distance
213,10000,0.7374257425742574,4.0,0.019531250000000014,0.23392814127604683,0.2604166666666668,2996,42.0918
