generation,population_size,mean_diversity,max_diversity,min_fitness,mean_fitness,max_fitness,max_frequency,mean_distance
213,10000,2.4942574257425743,7.0,0.005722045898437501,0.06783326069513743,0.08477105034722221,4789,48.5559
