generation,population_size,mean_diversity,max_diversity,min_fitness,mean_fitness,max_fitness,max_frequency,mean_distance
213,10000,4.268316831683168,13.0,0.0015625000000000003,0.35589199110240427,0.4166666666666667,1606,58.5202
