generation,population_size,mean_diversity,max_diversity,min_fitness,mean_fitness,max_fitness,max_frequency,mean_distance
213,10000,3.3916831683168316,12.0,0.006250000000000007,0.5402944661458325,0.7500000000000004,1871,64.6834
