generation,population_size,mean_diversity,max_diversity,min_fitness,mean_fitness,max_fitness,max_frequency,mean_distance
213,10000,55.235841584158415,109.0,1.1457223059130455E-62,1.126287423026294E-50,1.0000182561996953E-47,1,1797.1674
