generation,population_size,mean_diversity,max_diversity,min_fitness,mean_fitness,max_fitness,max_frequency,mean_distance
213,10000,0.9378217821782178,2.0,0.0014483928680419933,0.012990297675132755,0.014483928680419936,6916,17.6312
