generation,population_size,mean_diversity,max_diversity,min_fitness,mean_fitness,max_fitness,max_frequency,mean_distance
213,10000,1.0685148514851486,4.0,0.017361111111111126,0.17336545138886789,0.17361111111111122,5182,24.3966
