generation,population_size,mean_diversity,max_diversity,min_fitness,mean_fitness,max_fitness,max_frequency,mean_distance
213,10000,0.14732673267326732,1.0,0.10000000000000006,0.9646000000000002,1.0000000000000002,9285,44.6618
