generation,population_size,mean_diversity,max_diversity,min_fitness,mean_fitness,max_fitness,max_frequency,mean_distance
213,10000,0.05900990099009901,2.0,0.050862630208333356,0.12275797526041676,0.1627604166666667,9678,20.7596
