generation,population_size,mean_diversity,max_diversity,min_fitness,mean_fitness,max_fitness,max_frequency,mean_distance
213,10000,0.7441584158415842,6.0,0.001131556928157807,0.021847820637049153,0.0301748514175415,7690,52.699
