generation,population_size,mean_diversity,max_diversity,min_fitness,mean_fitness,max_fitness,max_frequency,mean_distance
213,10000,0.019801980198019802,1.0,6.705522537231452E-4,0.0013407357037067415,0.0013411045074462904,9891,4.2302
