generation,population_size,mean_diversity,max_diversity,min_fitness,mean_fitness,max_fitness,max_frequency,mean_distance
213,10000,3.4734653465346534,10.0,0.005208333333333334,0.4475105396412211,0.5208333333333334,1713,63.3188
