generation,population_size,mean_diversity,max_diversity,min_fitness,mean_fitness,max_fitness,max_frequency,mean_distance
213,10000,0.39485148514851487,4.0,0.03472222222222224,0.6843171296295498,0.6944444444444446,7566,29.7069
