generation,population_size,mean_diversity,max_diversity,min_fitness,mean_fitness,max_fitness,max_frequency,mean_distance
213,10000,0.17386138613861385,2.0,2.6520865503698506E-4,0.002717867137107532,0.0035361154004931346,9131,45.9925
