generation,population_size,mean_diversity,max_diversity,min_fitness,mean_fitness,max_fitness,max_frequency,mean_distance
213,10000,1.9778217821782178,6.0,0.010299682617187507,0.10867126464843753,0.1831054687500001,3986,52.8368
