generation,population_size,mean_diversity,max_diversity,min_fitness,mean_fitness,max_fitness,max_frequency,mean_distance
213,10000,3.0984158415841585,9.0,0.002170138888888892,0.37190643988717437,0.4340277777777779,1404,64.7179
