generation,population_size,mean_diversity,max_diversity,min_fitness,mean_fitness,max_fitness,max_frequency,mean_distance
213,10000,0.019801980198019802,1.0,0.037500000000000026,0.37450874999999995,0.37500000000000017,9927,39.0735
