generation,population_size,mean_diversity,max_diversity,min_fitness,mean_fitness,max_fitness,max_frequency,mean_distance
213,10000,0.039603960396039604,2.0,0.019531250000000007,0.19508593750000003,0.23437500000000003,5317,11.427
