generation,population_size,mean_diversity,max_diversity,min_fitness,mean_fitness,max_fitness,max_frequency,mean_distance
213,10000,0.25544554455445545,1.0,0.0011444091796875,0.014535802205403646,0.015258789062500002,8144,41.664
