generation,population_size,mean_diversity,max_diversity,min_fitness,mean_fitness,max_fitness,max_frequency,mean_distance
213,10000,0.039603960396039604,2.0,0.02083333333333334,0.20802499999997262,0.20833333333333334,9761,27.2003
