generation,population_size,mean_diversity,max_diversity,min_fitness,mean_fitness,max_fitness,max_frequency,mean_distance
213,10000,3.292079207920792,12.0,0.002170138888888888,0.49861875482256157,0.6944444444444443,1846,64.9458
