generation,population_size,mean_diversity,max_diversity,min_fitness,mean_fitness,max_fitness,max_frequency,mean_distance
213,10000,2.9706930693069307,9.0,0.002441406250000002,0.35226024938513717,0.434027777777778,1831,67.8239
