generation,population_size,mean_diversity,max_diversity,min_fitness,mean_fitness,max_fitness,max_frequency,mean_distance
213,10000,2.4455445544554455,10.0,0.0034722222222222277,0.5952501157406942,0.6944444444444452,3019,59.3022
