generation,population_size,mean_diversity,max_diversity,min_fitness,mean_fitness,max_fitness,max_frequency,mean_distance
213,10000,0.9766336633663366,4.0,0.0044703483581542925,0.05997186236911344,0.07947285970052076,5359,47.1011
