generation,population_size,mean_diversity,max_diversity,min_fitness,mean_fitness,max_fitness,max_frequency,mean_distance
213,10000,0.27524752475247527,2.0,0.05208333333333335,0.5005345052083295,0.5208333333333335,8198,22.7091
