generation,population_size,mean_diversity,max_diversity,min_fitness,mean_fitness,max_fitness,max_frequency,mean_distance
213,10000,0.42534653465346534,3.0,0.027777777777777804,0.5532038888889625,0.6666666666666671,7855,47.2528
