generation,population_size,mean_diversity,max_diversity,min_fitness,mean_fitness,max_fitness,max_frequency,mean_distance
213,10000,2.6784158415841586,8.0,8.381903171539291E-4,0.017486848868429657,0.026822090148925722,4242,53.2698
