generation,population_size,mean_diversity,max_diversity,min_fitness,mean_fitness,max_fitness,max_frequency,mean_distance
213,10000,3.3607920792079207,12.0,0.004166666666666671,0.716546718749943,0.8333333333333334,1201,60.8982
