generation,population_size,mean_diversity,max_diversity,min_fitness,mean_fitness,max_fitness,max_frequency,mean_distance
213,10000,0.03920792079207921,1.0,0.023437499999999993,0.04687265624999999,0.09374999999999999,9821,0.276
