generation,population_size,mean_diversity,max_diversity,min_fitness,mean_fitness,max_fitness,max_frequency,mean_distance
213,10000,0.34415841584158413,1.0,1.2572854757308982E-4,0.0022002286277711396,0.0030174851417541547,7465,48.2387
