generation,population_size,mean_diversity,max_diversity,min_fitness,mean_fitness,max_fitness,max_frequency,mean_distance
213,10000,1.2906930693069307,7.0,0.004023313522338869,0.04153034090995789,0.07152557373046878,5614,57.4583
