generation,population_size,mean_diversity,max_diversity,min_fitness,mean_fitness,max_fitness,max_frequency,mean_distance
213,10000,0.019801980198019802,1.0,0.0019868214925130253,0.01986887719896316,0.026490953233506982,9780,45.8964
