generation,population_size,mean_diversity,max_diversity,min_fitness,mean_fitness,max_fitness,max_frequency,mean_distance
213,10000,0.039603960396039604,2.0,0.005722045898437506,0.057106781005859385,0.07629394531250001,9910,7.307
