generation,population_size,mean_diversity,max_diversity,min_fitness,mean_fitness,max_fitness,max_frequency,mean_distance
213,10000,0.5805940594059406,4.0,0.03125000000000004,0.3944997685184668,0.41666666666666713,6930,49.2023
