generation,population_size,mean_diversity,max_diversity,min_fitness,mean_fitness,max_fitness,max_frequency,mean_distance
213,10000,0.019801980198019802,1.0,3.7718564271926923E-4,0.0037753843702375894,0.005029141902923586,9748,27.4573
