generation,population_size,mean_diversity,max_diversity,min_fitness,mean_fitness,max_fitness,max_frequency,mean_distance
213,10000,2.7255445544554457,11.0,0.0013888888888888911,0.2294839303626774,0.2777777777777778,3286,72.1383
