generation,population_size,mean_diversity,max_diversity,min_fitness,mean_fitness,max_fitness,max_frequency,mean_distance
213,10000,108.76831683168317,168.0,2.9802866464844254E-66,3.2181244823494566E-54,2.107034350511313E-51,1,1798.0944
