generation,population_size,mean_diversity,max_diversity,min_fitness,mean_fitness,max_fitness,max_frequency,mean_distance
213,10000,2.9116831683168316,10.0,0.0041666666666666675,0.71452622106476,0.8333333333333334,1879,62.7251
