generation,population_size,mean_diversity,max_diversity,min_fitness,mean_fitness,max_fitness,max_frequency,mean_distance
213,10000,0.9885148514851485,4.0,0.039062500000000014,0.45177235243056846,0.5208333333333335,4968,49.6571
