generation,population_size,mean_diversity,max_diversity,min_fitness,mean_fitness,max_fitness,max_frequency,mean_distance
213,10000,2.6441584158415843,10.0,0.005208333333333338,0.4389496545862459,0.5208333333333336,1834,64.2383
