generation,population_size,mean_diversity,max_diversity,min_fitness,mean_fitness,max_fitness,max_frequency,mean_distance
213,10000,0.41108910891089107,3.0,0.10000000000000006,0.9839712500000007,1.0000000000000002,8071,36.8259
