generation,population_size,mean_diversity,max_diversity,min_fitness,mean_fitness,max_fitness,max_frequency,mean_distance
213,10000,0.11801980198019801,2.0,0.08333333333333337,0.8321208333332238,0.8333333333333334,9620,18.7235
