generation,population_size,mean_diversity,max_diversity,min_fitness,mean_fitness,max_fitness,max_frequency,mean_distance
213,10000,0.9207920792079208,5.0,0.0026490953233506975,0.032611864584462344,0.056514033564814846,6637,51.8804
