generation,population_size,mean_diversity,max_diversity,min_fitness,mean_fitness,max_fitness,max_frequency,mean_distance
213,10000,0.05900990099009901,2.0,0.02812500000000001,0.28119187500000004,0.28125000000000006,9897,0.2795
