generation,population_size,mean_diversity,max_diversity,min_fitness,mean_fitness,max_fitness,max_frequency,mean_distance
213,10000,2.7295049504950497,9.0,0.0013020833333333333,0.3198297014024526,0.5208333333333326,3127,68.6603
