generation,population_size,mean_diversity,max_diversity,min_fitness,mean_fitness,max_fitness,max_frequency,mean_distance
213,10000,3.701980198019802,12.0,0.013020833333333346,0.5109815067997662,0.6250000000000002,3277,66.6339
