generation,population_size,mean_diversity,max_diversity,min_fitness,mean_fitness,max_fitness,max_frequency,mean_distance
213,10000,3.1495049504950496,11.0,0.001808449074074073,0.31176177601754407,0.43402777777777735,3074,71.6585
