generation,population_size,mean_diversity,max_diversity,min_fitness,mean_fitness,max_fitness,max_frequency,mean_distance
213,10000,0.6665346534653466,4.0,0.021701388888888895,0.2440766661844158,0.28935185185185186,3955,52.029
