generation,population_size,mean_diversity,max_diversity,min_fitness,mean_fitness,max_fitness,max_frequency,mean_distance
213,10000,2.8817821782178217,10.0,0.0028935185185185197,0.4936886493698905,0.6944444444444446,1245,66.8908
