generation,population_size,mean_diversity,max_diversity,min_fitness,mean_fitness,max_fitness,max_frequency,mean_distance
213,10000,107.29287128712872,169.0,2.5870543806289904E-64,2.3920825001094316E-52,1.3889142447218963E-49,1,1797.6609
