generation,population_size,mean_diversity,max_diversity,min_fitness,mean_fitness,max_fitness,max_frequency,mean_distance
213,10000,0.16396039603960397,1.0,0.0068664550781250095,0.06854290008544923,0.06866455078125004,9252,32.8282
