generation,population_size,mean_diversity,max_diversity,min_fitness,mean_fitness,max_fitness,max_frequency,mean_distance
213,10000,0.41386138613861384,3.0,0.05000000000000001,0.9851008333333336,0.9999999999999999,8297,28.5214
