generation,population_size,mean_diversity,max_diversity,min_fitness,mean_fitness,max_fitness,max_frequency,mean_distance
213,10000,0.5386138613861386,6.0,0.02712673611111112,0.34849077389562283,0.43402777777777773,5635,54.4056
