generation,population_size,mean_diversity,max_diversity,min_fitness,mean_fitness,max_fitness,max_frequency,mean_distance
213,10000,0.03920792079207921,1.0,0.11718750000000003,0.23435742187500005,0.23437500000000003,9777,0.1634
