generation,population_size,mean_diversity,max_diversity,min_fitness,mean_fitness,max_fitness,max_frequency,mean_distance
213,10000,1.4815841584158416,5.0,0.00223517417907715,0.02773699288566907,0.03973642985026045,4008,48.6808
