generation,population_size,mean_diversity,max_diversity,min_fitness,mean_fitness,max_fitness,max_frequency,mean_distance
213,10000,1.6241584158415843,6.0,0.0029802322387695304,0.05396151542663573,0.07947285970052076,6037,55.7895
