generation,population_size,mean_diversity,max_diversity,min_fitness,mean_fitness,max_fitness,max_frequency,mean_distance
213,10000,0.019801980198019802,1.0,0.08333333333333337,0.8319979166665573,0.8333333333333334,9955,35.0376
