generation,population_size,mean_diversity,max_diversity,min_fitness,mean_fitness,max_fitness,max_frequency,mean_distance
213,10000,0.07683168316831683,1.0,0.0047683715820312535,0.009957075119018556,0.019073486328125017,9540,1.3826
