generation,population_size,mean_diversity,max_diversity,min_fitness,mean_fitness,max_fitness,max_frequency,mean_distance
213,10000,0.13821782178217823,2.0,0.02712673611111112,0.3562546718267491,0.3616898148148149,7922,59.8574
