generation,population_size,mean_diversity,max_diversity,min_fitness,mean_fitness,max_fitness,max_frequency,mean_distance
213,10000,132.73782178217823,222.0,1.0323143988321561E-69,2.0992818801741885E-56,9.742140927627783E-54,1,1797.7319
