generation,population_size,mean_diversity,max_diversity,min_fitness,mean_fitness,max_fitness,max_frequency,mean_distance
213,10000,3.006930693069307,11.0,0.0034722222222222246,0.5946661048417753,0.6944444444444445,1351,65.7448
