generation,population_size,mean_diversity,max_diversity,min_fitness,mean_fitness,max_fitness,max_frequency,mean_distance
213,10000,4.017425742574257,14.0,0.004340277777777781,0.49688193841631717,0.6944444444444446,654,61.9537
