generation,population_size,mean_diversity,max_diversity,min_fitness,mean_fitness,max_fitness,max_frequency,mean_distance
213,10000,1.6225742574257427,6.0,0.0036168981481481464,0.07489858686449023,0.11574074074074078,4557,42.6467
