generation,population_size,mean_diversity,max_diversity,min_fitness,mean_fitness,max_fitness,max_frequency,mean_distance
213,10000,0.41346534653465344,4.0,0.04822530864197538,0.48239691840279436,0.5787037037037043,7973,54.4676
