generation,population_size,mean_diversity,max_diversity,min_fitness,mean_fitness,max_fitness,max_frequency,mean_distance
213,10000,3.5601980198019803,11.0,0.014467592592592613,0.5216112377025499,0.6944444444444449,1648,58.1624
