generation,population_size,mean_diversity,max_diversity,min_fitness,mean_fitness,max_fitness,max_frequency,mean_distance
213,10000,2.936237623762376,10.0,0.0026041666666666687,0.44486957103589714,0.6250000000000001,962,62.7024
