generation,population_size,mean_diversity,max_diversity,min_fitness,mean_fitness,max_fitness,max_frequency,mean_distance
213,10000,1.2453465346534653,4.0,0.032552083333333384,0.36624906412760927,0.3906250000000006,4146,52.6995
