generation,population_size,mean_diversity,max_diversity,min_fitness,mean_fitness,max_fitness,max_frequency,mean_distance
213,10000,0.7017821782178217,3.0,0.024414062500000017,0.3036024305555764,0.4340277777777779,6017,51.4287
