generation,population_size,mean_diversity,max_diversity,min_fitness,mean_fitness,max_fitness,max_frequency,mean_distance
213,10000,1.596831683168317,5.0,3.1432136893272427E-4,0.0027653051074594264,0.0031432136893272435,7594,50.6714
