generation,population_size,mean_diversity,max_diversity,min_fitness,mean_fitness,max_fitness,max_frequency,mean_distance
213,10000,0.7469306930693069,4.0,0.0016973353922367094,0.019650556321721524,0.0301748514175415,4330,54.5905
