generation,population_size,mean_diversity,max_diversity,min_fitness,mean_fitness,max_fitness,max_frequency,mean_distance
213,10000,0.6368316831683168,4.0,0.03616898148148152,0.3583164544752844,0.48225308641975345,6877,40.4564
