generation,population_size,mean_diversity,max_diversity,min_fitness,mean_fitness,max_fitness,max_frequency,mean_distance
213,10000,100.89346534653465,181.0,6.146133394967535E-69,1.6538931419401462E-57,6.5178868958616666E-55,1,1797.1257
