generation,population_size,mean_diversity,max_diversity,min_fitness,mean_fitness,max_fitness,max_frequency,mean_distance
213,10000,2.0257425742574258,6.0,0.004069010416666666,0.047409386340478296,0.09042245370370372,5427,50.0201
