generation,population_size,mean_diversity,max_diversity,min_fitness,mean_fitness,max_fitness,max_frequency,mean_distance
213,10000,3.145742574257426,10.0,0.002893518518518525,0.4990747492284292,0.5787037037037045,1493,63.5406
