generation,population_size,mean_diversity,max_diversity,min_fitness,mean_fitness,max_fitness,max_frequency,mean_distance
213,10000,0.16396039603960397,1.0,0.026041666666666696,0.26717621527776303,0.3472222222222225,9112,29.204
