generation,population_size,mean_diversity,max_diversity,min_fitness,mean_fitness,max_fitness,max_frequency,mean_distance
213,10000,1.773069306930693,5.0,0.007152557373046876,0.08096977472305297,0.12715657552083323,2371,50.1936
