generation,population_size,mean_diversity,max_diversity,min_fitness,mean_fitness,max_fitness,max_frequency,mean_distance
213,10000,0.039603960396039604,2.0,0.05000000000000003,0.49885750000000006,0.5000000000000002,9781,44.0704
