generation,population_size,mean_diversity,max_diversity,min_fitness,mean_fitness,max_fitness,max_frequency,mean_distance
213,10000,4.536237623762376,15.0,0.0027126736111111127,0.27733591790848083,0.4340277777777779,2336,73.0972
