generation,population_size,mean_diversity,max_diversity,min_fitness,mean_fitness,max_fitness,max_frequency,mean_distance
213,10000,0.19762376237623763,3.0,0.08333333333333337,0.8217069444443299,0.8333333333333335,6440,30.6077
