generation,population_size,mean_diversity,max_diversity,min_fitness,mean_fitness,max_fitness,max_frequency,mean_distance
213,10000,0.31603960396039604,4.0,0.025000000000000012,0.49250770833333346,0.5000000000000001,8207,28.4828
