generation,population_size,mean_diversity,max_diversity,min_fitness,mean_fitness,max_fitness,max_frequency,mean_distance
213,10000,0.14732673267326732,1.0,0.05625000000000003,0.5377814062499999,0.5625000000000001,8932,56.5003
