generation,population_size,mean_diversity,max_diversity,min_fitness,mean_fitness,max_fitness,max_frequency,mean_distance
213,10000,3.758415841584158,10.0,0.0025000000000000005,0.7135113472222316,1.0000000000000004,1456,70.4809
