generation,population_size,mean_diversity,max_diversity,min_fitness,mean_fitness,max_fitness,max_frequency,mean_distance
213,10000,100.15623762376238,182.0,2.0623001506438484E-68,1.1126053585953747E-55,3.604130737935784E-52,1,1797.7951
