generation,population_size,mean_diversity,max_diversity,min_fitness,mean_fitness,max_fitness,max_frequency,mean_distance
213,10000,0.019801980198019802,1.0,0.017578125000000028,0.17459794921875002,0.17578125000000017,9724,41.8974
