generation,population_size,mean_diversity,max_diversity,min_fitness,mean_fitness,max_fitness,max_frequency,mean_distance
213,10000,3.735841584158416,10.0,0.0025000000000000005,0.8516524583333418,1.0000000000000002,1203,63.3214
