generation,population_size,mean_diversity,max_diversity,min_fitness,mean_fitness,max_fitness,max_frequency,mean_distance
213,10000,0.3671287128712871,2.0,2.413988113403319E-4,0.0034717162325978274,0.00362098217010498,8815,50.5526
