generation,population_size,mean_diversity,max_diversity,min_fitness,mean_fitness,max_fitness,max_frequency,mean_distance
213,10000,106.45029702970297,155.0,1.1011353587543437E-65,2.2982144127153396E-54,1.1403694912999232E-51,1,1798.2681
