generation,population_size,mean_diversity,max_diversity,min_fitness,mean_fitness,max_fitness,max_frequency,mean_distance
213,10000,0.6704950495049505,4.0,0.021701388888888895,0.23916015624999803,0.2604166666666667,5501,45.9754
