generation,population_size,mean_diversity,max_diversity,min_fitness,mean_fitness,max_fitness,max_frequency,mean_distance
213,10000,0.3706930693069307,4.0,0.037500000000000026,0.7399171874999999,0.7500000000000003,8044,32.9531
