generation,population_size,mean_diversity,max_diversity,min_fitness,mean_fitness,max_fitness,max_frequency,mean_distance
213,10000,0.1500990099009901,2.0,0.004069010416666666,0.04254272460937966,0.08138020833333334,5659,5.1234
