generation,population_size,mean_diversity,max_diversity,min_fitness,mean_fitness,max_fitness,max_frequency,mean_distance
213,10000,1.361980198019802,5.0,0.003576278686523441,0.07439025044441225,0.09536743164062507,5217,53.9682
