generation,population_size,mean_diversity,max_diversity,min_fitness,mean_fitness,max_fitness,max_frequency,mean_distance
213,10000,3.0403960396039604,10.0,0.001000000000000002,0.8055795166666383,1.0000000000000004,1536,73.0545
