generation,population_size,mean_diversity,max_diversity,min_fitness,mean_fitness,max_fitness,max_frequency,mean_distance
213,10000,0.019801980198019802,1.0,5.23868948221207E-4,0.0010475545423105361,0.0010477378964424142,9930,18.9262
