generation,population_size,mean_diversity,max_diversity,min_fitness,mean_fitness,max_fitness,max_frequency,mean_distance
213,10000,0.15247524752475247,2.0,0.009042245370370374,0.09242621527777295,0.1085069444444444,8688,5.193
