generation,population_size,mean_diversity,max_diversity,min_fitness,mean_fitness,max_fitness,max_frequency,mean_distance
213,10000,0.1302970297029703,1.0,0.0016093254089355475,0.0017000913619995121,0.003218650817871095,9333,10.0568
