generation,population_size,mean_diversity,max_diversity,min_fitness,mean_fitness,max_fitness,max_frequency,mean_distance
213,10000,1.9536633663366336,8.0,0.006357828776041665,0.12538078096177707,0.16954210069444436,6359,42.23
