generation,population_size,mean_diversity,max_diversity,min_fitness,mean_fitness,max_fitness,max_frequency,mean_distance
213,10000,0.7845544554455446,5.0,0.0031250000000000036,0.329893411458325,0.41666666666666674,6678,40.9536
