generation,population_size,mean_diversity,max_diversity,min_fitness,mean_fitness,max_fitness,max_frequency,mean_distance
213,10000,4.305148514851485,16.0,0.0028935185185185223,0.49389838525595053,0.5787037037037042,1440,62.3149
