generation,population_size,mean_diversity,max_diversity,min_fitness,mean_fitness,max_fitness,max_frequency,mean_distance
213,10000,3.841188118811881,12.0,0.002893518518518525,0.49564364510998693,0.6944444444444452,899,61.2076
