generation,population_size,mean_diversity,max_diversity,min_fitness,mean_fitness,max_fitness,max_frequency,mean_distance
213,10000,3.4516831683168316,11.0,0.00694444444444445,0.5927829282406956,0.8333333333333339,1385,64.1726
