generation,population_size,mean_diversity,max_diversity,min_fitness,mean_fitness,max_fitness,max_frequency,mean_distance
213,10000,3.3788118811881187,11.0,0.0034722222222222186,0.41195301633233594,0.5555555555555547,2000,68.6096
