generation,population_size,mean_diversity,max_diversity,min_fitness,mean_fitness,max_fitness,max_frequency,mean_distance
213,10000,0.19643564356435644,2.0,0.07500000000000002,0.9841525000000005,1.0000000000000002,8377,23.3947
