generation,population_size,mean_diversity,max_diversity,min_fitness,mean_fitness,max_fitness,max_frequency,mean_distance
213,10000,0.019801980198019802,1.0,0.05787037037037041,0.5777054398148211,0.5787037037037039,9792,39.9951
