generation,population_size,mean_diversity,max_diversity,min_fitness,mean_fitness,max_fitness,max_frequency,mean_distance
213,10000,1.6487128712871286,8.0,0.0038580246913580327,0.3302855018647214,0.38580246913580307,4139,66.5573
