generation,population_size,mean_diversity,max_diversity,min_fitness,mean_fitness,max_fitness,max_frequency,mean_distance
213,10000,3.5093069306930693,11.0,0.006250000000000013,0.5337610199652776,0.6250000000000008,1398,62.5298
