generation,population_size,mean_diversity,max_diversity,min_fitness,mean_fitness,max_fitness,max_frequency,mean_distance
213,10000,1.9073267326732672,7.0,0.009042245370370374,0.35616170247397066,0.5208333333333335,3351,71.642
