generation,population_size,mean_diversity,max_diversity,min_fitness,mean_fitness,max_fitness,max_frequency,mean_distance
213,10000,2.1576237623762378,8.0,0.005787037037037051,0.4984787808642306,0.5787037037037044,3236,67.6074
