generation,population_size,mean_diversity,max_diversity,min_fitness,mean_fitness,max_fitness,max_frequency,mean_distance
213,10000,1.6922772277227722,7.0,0.0020116567611694323,0.040600173175334923,0.053644180297851514,6382,30.4047
