generation,population_size,mean_diversity,max_diversity,min_fitness,mean_fitness,max_fitness,max_frequency,mean_distance
213,10000,0.27603960396039606,4.0,0.025000000000000012,0.491725416666667,0.5000000000000001,7838,33.6104
