generation,population_size,mean_diversity,max_diversity,min_fitness,mean_fitness,max_fitness,max_frequency,mean_distance
213,10000,2.053069306930693,8.0,0.0016763806343078644,0.030545073095709092,0.04470348358154302,6023,54.9703
