generation,population_size,mean_diversity,max_diversity,min_fitness,mean_fitness,max_fitness,max_frequency,mean_distance
213,10000,0.38732673267326734,4.0,0.05000000000000003,0.9764183333333339,1.0000000000000002,4719,53.4808
