generation,population_size,mean_diversity,max_diversity,min_fitness,mean_fitness,max_fitness,max_frequency,mean_distance
213,10000,1.6134653465346536,5.0,0.005960464477539072,0.08473574452931171,0.14128508391203706,3140,48.2418
