generation,population_size,mean_diversity,max_diversity,min_fitness,mean_fitness,max_fitness,max_frequency,mean_distance
213,10000,0.5932673267326732,5.0,0.007629394531250007,0.07459780375162761,0.10172526041666673,8208,37.1102
