generation,population_size,mean_diversity,max_diversity,min_fitness,mean_fitness,max_fitness,max_frequency,mean_distance
213,10000,0.019801980198019802,1.0,8.138020833333338E-4,0.00812683105468724,0.008138020833333332,9919,51.9995
