generation,population_size,mean_diversity,max_diversity,min_fitness,mean_fitness,max_fitness,max_frequency,mean_distance
213,10000,0.019801980198019802,1.0,0.28125000000000006,0.5617968750000001,0.5625000000000001,9799,25.1576
