generation,population_size,mean_diversity,max_diversity,min_fitness,mean_fitness,max_fitness,max_frequency,mean_distance
213,10000,3.551881188118812,10.0,0.0014467592592592598,0.5374524751639596,0.6944444444444443,1719,65.549
