generation,population_size,mean_diversity,max_diversity,min_fitness,mean_fitness,max_fitness,max_frequency,mean_distance
213,10000,2.6582178217821784,9.0,0.0035762786865234375,0.07413945198059083,0.09536743164062501,4934,53.4763
