generation,population_size,mean_diversity,max_diversity,min_fitness,mean_fitness,max_fitness,max_frequency,mean_distance
213,10000,0.019801980198019802,1.0,0.021701388888888905,0.21700629340278696,0.26041666666666685,9827,37.1517
