generation,population_size,mean_diversity,max_diversity,min_fitness,mean_fitness,max_fitness,max_frequency,mean_distance
213,10000,0.5362376237623763,3.0,1.178705133497713E-4,0.0013218212188803589,0.0015716068446636174,6197,42.0665
