generation,population_size,mean_diversity,max_diversity,min_fitness,mean_fitness,max_fitness,max_frequency,mean_distance
213,10000,0.039603960396039604,2.0,0.08138020833333331,0.1627522786458519,0.16276041666666663,9923,10.0008
