generation,population_size,mean_diversity,max_diversity,min_fitness,mean_fitness,max_fitness,max_frequency,mean_distance
213,10000,0.6102970297029703,3.0,0.018310546875000007,0.22727864583333335,0.2441406250000001,7165,50.2089
