generation,population_size,mean_diversity,max_diversity,min_fitness,mean_fitness,max_fitness,max_frequency,mean_distance
213,10000,0.039603960396039604,2.0,0.001287460327148438,0.012853510379791258,0.012874603271484384,9629,36.4568
