generation,population_size,mean_diversity,max_diversity,min_fitness,mean_fitness,max_fitness,max_frequency,mean_distance
213,10000,24.325940594059407,46.0,3.0899047851562587E-6,0.04536448959414958,0.21093750000000044,15,200.5339
