generation,population_size,mean_diversity,max_diversity,min_fitness,mean_fitness,max_fitness,max_frequency,mean_distance
213,10000,1.0914851485148516,5.0,0.015070408950617288,0.231285817338608,0.30140817901234573,3055,28.5805
