generation,population_size,mean_diversity,max_diversity,min_fitness,mean_fitness,max_fitness,max_frequency,mean_distance
213,10000,0.31603960396039604,3.0,0.05000000000000001,0.9865966666666669,0.9999999999999999,7930,37.9893
