generation,population_size,mean_diversity,max_diversity,min_fitness,mean_fitness,max_fitness,max_frequency,mean_distance
213,10000,0.3207920792079208,1.0,0.05000000000000003,0.47420375000000015,0.5000000000000002,7971,42.7864
