generation,population_size,mean_diversity,max_diversity,min_fitness,mean_fitness,max_fitness,max_frequency,mean_distance
213,10000,1.1508910891089108,4.0,0.003973642985026044,0.08135166212365397,0.1271565755208333,4713,51.8559
