generation,population_size,mean_diversity,max_diversity,min_fitness,mean_fitness,max_fitness,max_frequency,mean_distance
213,10000,0.24554455445544554,3.0,0.005722045898437506,0.05560231208801271,0.05722045898437502,9162,27.221
