generation,population_size,mean_diversity,max_diversity,min_fitness,mean_fitness,max_fitness,max_frequency,mean_distance
213,10000,2.5203960396039604,9.0,0.0036168981481481464,0.31812078380191416,0.5208333333333326,2694,68.8432
