generation,population_size,mean_diversity,max_diversity,min_fitness,mean_fitness,max_fitness,max_frequency,mean_distance
213,10000,3.7706930693069305,15.0,0.0025117348251028804,0.2251923247914096,0.36168981481481466,1794,69.5482
