generation,population_size,mean_diversity,max_diversity,min_fitness,mean_fitness,max_fitness,max_frequency,mean_distance
213,10000,1.255049504950495,6.0,0.0025145709514617903,0.028617507778108113,0.0447034835815429,3994,45.301
