generation,population_size,mean_diversity,max_diversity,min_fitness,mean_fitness,max_fitness,max_frequency,mean_distance
213,10000,0.039603960396039604,2.0,0.31249999999999994,0.6241197916666666,0.8333333333333331,9653,11.9208
