generation,population_size,mean_diversity,max_diversity,min_fitness,mean_fitness,max_fitness,max_frequency,mean_distance
213,10000,0.019801980198019802,1.0,0.039550781250000014,0.07909167480468751,0.07910156250000003,9996,0.0149
