generation,population_size,mean_diversity,max_diversity,min_fitness,mean_fitness,max_fitness,max_frequency,mean_distance
213,10000,109.00950495049504,187.0,1.1854070138455315E-81,2.4276619911456975E-66,9.710854257421438E-63,1,1797.7932
