generation,population_size,mean_diversity,max_diversity,min_fitness,mean_fitness,max_fitness,max_frequency,mean_distance
213,10000,3.687722772277228,9.0,0.0031250000000000036,0.7150443402777129,0.8333333333333339,1654,66.0795
