generation,population_size,mean_diversity,max_diversity,min_fitness,mean_fitness,max_fitness,max_frequency,mean_distance
213,10000,2.6182178217821783,10.0,0.003750000000000002,0.6547218749999965,1.0000000000000002,2198,63.513
