generation,population_size,mean_diversity,max_diversity,min_fitness,mean_fitness,max_fitness,max_frequency,mean_distance
213,10000,0.15841584158415842,2.0,0.043402777777777776,0.427527850115763,0.5787037037037035,9342,63.7619
