generation,population_size,mean_diversity,max_diversity,min_fitness,mean_fitness,max_fitness,max_frequency,mean_distance
213,10000,0.9263366336633664,5.0,0.00976562500000001,0.17830066596136984,0.1953125000000002,8078,47.3466
