generation,population_size,mean_diversity,max_diversity,min_fitness,mean_fitness,max_fitness,max_frequency,mean_distance
213,10000,0.2312871287128713,2.0,0.022605613425925937,0.23468432014372193,0.30140817901234573,8768,27.8892
