generation,population_size,mean_diversity,max_diversity,min_fitness,mean_fitness,max_fitness,max_frequency,mean_distance
213,10000,1.4479207920792079,6.0,0.020093878600823047,0.3758560662079809,0.48225308641975306,5526,38.4122
