generation,population_size,mean_diversity,max_diversity,min_fitness,mean_fitness,max_fitness,max_frequency,mean_distance
213,10000,0.17346534653465345,3.0,0.0025431315104166683,0.025130448517972612,0.033908420138888916,9660,44.6804
