generation,population_size,mean_diversity,max_diversity,min_fitness,mean_fitness,max_fitness,max_frequency,mean_distance
213,10000,0.019801980198019802,1.0,0.014305114746093753,0.02858986854553223,0.03433227539062501,9872,30.2432
