generation,population_size,mean_diversity,max_diversity,min_fitness,mean_fitness,max_fitness,max_frequency,mean_distance
213,10000,0.3607920792079208,2.0,0.028935185185185192,0.5688946759259355,0.5787037037037037,4121,24.6338
