generation,population_size,mean_diversity,max_diversity,min_fitness,mean_fitness,max_fitness,max_frequency,mean_distance
213,10000,3.969108910891089,12.0,0.0028935185185185197,0.5176052577642811,0.6944444444444449,915,65.6277
