generation,population_size,mean_diversity,max_diversity,min_fitness,mean_fitness,max_fitness,max_frequency,mean_distance
213,10000,0.9120792079207921,4.0,0.018750000000000013,0.20386651041664516,0.25000000000000006,7184,46.3962
