generation,population_size,mean_diversity,max_diversity,min_fitness,mean_fitness,max_fitness,max_frequency,mean_distance
213,10000,2.2320792079207923,6.0,1.6973353922367107E-4,0.0033457373830606237,0.004526227712631229,4768,54.024
