generation,population_size,mean_diversity,max_diversity,min_fitness,mean_fitness,max_fitness,max_frequency,mean_distance
213,10000,0.05900990099009901,2.0,0.016954210069444486,0.17045649775749097,0.2260561342592596,9707,24.6483
