generation,population_size,mean_diversity,max_diversity,min_fitness,mean_fitness,max_fitness,max_frequency,mean_distance
213,10000,0.019801980198019802,1.0,0.030517578125000007,0.030517578125000007,0.030517578125000007,9915,0.1896
