generation,population_size,mean_diversity,max_diversity,min_fitness,mean_fitness,max_fitness,max_frequency,mean_distance
213,10000,5.521188118811881,15.0,0.0018750000000000008,0.6408300208333292,0.7500000000000001,323,61.0359
