generation,population_size,mean_diversity,max_diversity,min_fitness,mean_fitness,max_fitness,max_frequency,mean_distance
213,10000,0.1782178217821782,2.0,0.034722222222222224,0.3422203414351452,0.3472222222222222,8857,11.7125
