generation,population_size,mean_diversity,max_diversity,min_fitness,mean_fitness,max_fitness,max_frequency,mean_distance
213,10000,0.9306930693069307,4.0,0.006103515625000006,0.12954919885707186,0.18084490740740755,6668,47.2657
