generation,population_size,mean_diversity,max_diversity,min_fitness,mean_fitness,max_fitness,max_frequency,mean_distance
213,10000,1.9366336633663366,5.0,0.018310546875000007,0.211513916015625,0.29296874999999994,3888,56.0599
