generation,population_size,mean_diversity,max_diversity,min_fitness,mean_fitness,max_fitness,max_frequency,mean_distance
213,10000,0.3607920792079208,4.0,0.043402777777777776,0.42712926793983713,0.5208333333333333,7403,40.3967
