generation,population_size,mean_diversity,max_diversity,min_fitness,mean_fitness,max_fitness,max_frequency,mean_distance
213,10000,5.113267326732673,14.0,0.0013020833333333354,0.5930139033564297,0.6944444444444452,678,67.1165
