generation,population_size,mean_diversity,max_diversity,min_fitness,mean_fitness,max_fitness,max_frequency,mean_distance
213,10000,80.83247524752475,173.0,4.2916127709377475E-65,2.9409444304778677E-53,3.6450665438479533E-50,1,1796.8134
