generation,population_size,mean_diversity,max_diversity,min_fitness,mean_fitness,max_fitness,max_frequency,mean_distance
213,10000,2.573861386138614,10.0,0.0027777777777777775,0.5205612586805692,0.6944444444444445,2030,67.8614
