generation,population_size,mean_diversity,max_diversity,min_fitness,mean_fitness,max_fitness,max_frequency,mean_distance
213,10000,79.08752475247525,128.0,1.0850892536889633E-64,2.1463474791885754E-52,2.2475033072121676E-49,1,1797.3654
