generation,population_size,mean_diversity,max_diversity,min_fitness,mean_fitness,max_fitness,max_frequency,mean_distance
213,10000,0.3722772277227723,3.0,0.0027157366275787354,0.007818209454417229,0.019311904907226562,7512,41.5911
