generation,population_size,mean_diversity,max_diversity,min_fitness,mean_fitness,max_fitness,max_frequency,mean_distance
213,10000,1.0891089108910892,4.0,0.02083333333333334,0.46095966435186647,0.5555555555555554,3283,53.7984
