generation,population_size,mean_diversity,max_diversity,min_fitness,mean_fitness,max_fitness,max_frequency,mean_distance
213,10000,0.3334653465346535,4.0,0.004470348358154301,0.04388460516929631,0.05960464477539068,8995,24.7139
