generation,population_size,mean_diversity,max_diversity,min_fitness,mean_fitness,max_fitness,max_frequency,mean_distance
213,10000,3.0192079207920792,9.0,0.00578703703703704,0.49747477414483854,0.5787037037037034,1682,64.0811
