generation,population_size,mean_diversity,max_diversity,min_fitness,mean_fitness,max_fitness,max_frequency,mean_distance
213,10000,3.7340594059405943,13.0,0.005000000000000006,0.8520645833333361,1.0000000000000002,1674,63.0713
