generation,population_size,mean_diversity,max_diversity,min_fitness,mean_fitness,max_fitness,max_frequency,mean_distance
213,10000,0.13861386138613863,2.0,0.021701388888888926,0.42745117187502235,0.4340277777777783,8524,34.7629
