generation,population_size,mean_diversity,max_diversity,min_fitness,mean_fitness,max_fitness,max_frequency,mean_distance
213,10000,1.7786138613861386,7.0,0.0047683715820312535,0.09815088113149133,0.16954210069444445,5999,53.731
