generation,population_size,mean_diversity,max_diversity,min_fitness,mean_fitness,max_fitness,max_frequency,mean_distance
213,10000,0.019801980198019802,1.0,0.020345052083333343,0.2030802408853868,0.20345052083333337,9879,18.3318
