generation,population_size,mean_diversity,max_diversity,min_fitness,mean_fitness,max_fitness,max_frequency,mean_distance
213,10000,6.5934653465346535,14.0,0.005000000000000006,0.8552212916666749,1.0000000000000004,235,61.3498
