generation,population_size,mean_diversity,max_diversity,min_fitness,mean_fitness,max_fitness,max_frequency,mean_distance
213,10000,105.19485148514852,174.0,1.1787266521740026E-63,4.627712330501053E-52,2.0599741300500293E-49,1,1797.4535
