generation,population_size,mean_diversity,max_diversity,min_fitness,mean_fitness,max_fitness,max_frequency,mean_distance
213,10000,0.5207920792079208,2.0,0.004340277777777781,0.058243851273145776,0.08680555555555561,6272,35.129
