generation,population_size,mean_diversity,max_diversity,min_fitness,mean_fitness,max_fitness,max_frequency,mean_distance
213,10000,0.019801980198019802,1.0,0.05208333333333335,0.5182005208333182,0.5208333333333334,9809,37.6347
