generation,population_size,mean_diversity,max_diversity,min_fitness,mean_fitness,max_fitness,max_frequency,mean_distance
213,10000,0.7976237623762377,4.0,0.013563368055555552,0.29747133608219906,0.4340277777777775,5522,51.6491
