generation,population_size,mean_diversity,max_diversity,min_fitness,mean_fitness,max_fitness,max_frequency,mean_distance
213,10000,0.6174257425742574,4.0,0.010986328125000007,0.23692892456054687,0.29296874999999994,6533,30.4804
