generation,population_size,mean_diversity,max_diversity,min_fitness,mean_fitness,max_fitness,max_frequency,mean_distance
213,10000,0.9528712871287128,7.0,0.016276041666666668,0.31277121649850864,0.4340277777777779,8267,57.1403
