generation,population_size,mean_diversity,max_diversity,min_fitness,mean_fitness,max_fitness,max_frequency,mean_distance
213,10000,0.03920792079207921,1.0,0.05000000000000003,0.49813375000000004,0.5000000000000001,9556,18.1495
