generation,population_size,mean_diversity,max_diversity,min_fitness,mean_fitness,max_fitness,max_frequency,mean_distance
213,10000,0.09504950495049505,1.0,5.657784640789035E-4,0.005858834017999471,0.00754371285438538,8554,44.3969
