generation,population_size,mean_diversity,max_diversity,min_fitness,mean_fitness,max_fitness,max_frequency,mean_distance
213,10000,0.17504950495049504,4.0,1.7680577002465682E-4,0.001743502325552981,0.002357410266995425,9671,12.4127
