generation,population_size,mean_diversity,max_diversity,min_fitness,mean_fitness,max_fitness,max_frequency,mean_distance
213,10000,0.019801980198019802,1.0,0.0012069940567016608,0.012047269195318223,0.01206994056701661,9357,15.4862
