generation,population_size,mean_diversity,max_diversity,min_fitness,mean_fitness,max_fitness,max_frequency,mean_distance
213,10000,0.03920792079207921,1.0,0.02812500000000001,0.28074984375000006,0.28125000000000006,6267,8.2841
