generation,population_size,mean_diversity,max_diversity,min_fitness,mean_fitness,max_fitness,max_frequency,mean_distance
213,10000,112.68792079207921,211.0,2.0599741300502468E-66,2.5175464098999443E-55,1.3183834432320965E-52,1,1797.6562
