generation,population_size,mean_diversity,max_diversity,min_fitness,mean_fitness,max_fitness,max_frequency,mean_distance
213,10000,0.36594059405940593,3.0,5.587935447692855E-4,0.01095019746571779,0.014901161193847602,8773,60.5199
