generation,population_size,mean_diversity,max_diversity,min_fitness,mean_fitness,max_fitness,max_frequency,mean_distance
213,10000,0.07920792079207921,2.0,0.10416666666666666,0.2099496527777525,0.31249999999999994,9443,26.0648
