generation,population_size,mean_diversity,max_diversity,min_fitness,mean_fitness,max_fitness,max_frequency,mean_distance
213,10000,0.039603960396039604,2.0,0.0013732910156250004,0.027669799804687496,0.05493164062499999,9528,13.9061
