generation,population_size,mean_diversity,max_diversity,min_fitness,mean_fitness,max_fitness,max_frequency,mean_distance
213,10000,0.13782178217821783,2.0,0.02604166666666667,0.5117737413194337,0.6944444444444445,6792,23.8162
