generation,population_size,mean_diversity,max_diversity,min_fitness,mean_fitness,max_fitness,max_frequency,mean_distance
213,10000,0.31603960396039604,5.0,0.057870370370370364,0.5679258294753199,0.5787037037037037,6703,25.1668
