generation,population_size,mean_diversity,max_diversity,min_fitness,mean_fitness,max_fitness,max_frequency,mean_distance
213,10000,0.7837623762376238,4.0,0.013563368055555565,0.2544333111798507,0.27126736111111127,3805,49.7827
