generation,population_size,mean_diversity,max_diversity,min_fitness,mean_fitness,max_fitness,max_frequency,mean_distance
213,10000,0.19643564356435644,2.0,0.03125000000000003,0.41030538194438804,0.4166666666666669,8297,31.4969
