generation,population_size,mean_diversity,max_diversity,min_fitness,mean_fitness,max_fitness,max_frequency,mean_distance
213,10000,0.8312871287128712,4.0,0.021701388888888895,0.22681923948688765,0.32552083333333337,6091,42.6948
