generation,population_size,mean_diversity,max_diversity,min_fitness,mean_fitness,max_fitness,max_frequency,mean_distance
213,10000,0.0594059405940594,2.0,0.041666666666666664,0.4160479166666118,0.4166666666666666,9864,32.2022
