generation,population_size,mean_diversity,max_diversity,min_fitness,mean_fitness,max_fitness,max_frequency,mean_distance
213,10000,0.2693069306930693,1.0,0.003576278686523441,0.007446765899658203,0.014305114746093753,3750,1.0986
