generation,population_size,mean_diversity,max_diversity,min_fitness,mean_fitness,max_fitness,max_frequency,mean_distance
213,10000,0.29504950495049503,3.0,0.037500000000000026,0.4849962500000001,0.5000000000000002,8823,44.8112
