generation,population_size,mean_diversity,max_diversity,min_fitness,mean_fitness,max_fitness,max_frequency,mean_distance
213,10000,1.3592079207920793,4.0,0.023437500000000003,0.24601731770833335,0.31249999999999994,4665,45.6311
