generation,population_size,mean_diversity,max_diversity,min_fitness,mean_fitness,max_fitness,max_frequency,mean_distance
213,10000,0.07801980198019802,2.0,0.07500000000000002,0.7490512500000001,0.7500000000000001,8905,22.3365
