generation,population_size,mean_diversity,max_diversity,min_fitness,mean_fitness,max_fitness,max_frequency,mean_distance
213,10000,0.05821782178217822,1.0,0.050862630208333356,0.13445988407843035,0.1356336805555556,9800,47.8019
