generation,population_size,mean_diversity,max_diversity,min_fitness,mean_fitness,max_fitness,max_frequency,mean_distance
213,10000,2.3108910891089107,6.0,0.0017881393432617155,0.03617407381534576,0.04768371582031253,4566,58.7999
