generation,population_size,mean_diversity,max_diversity,min_fitness,mean_fitness,max_fitness,max_frequency,mean_distance
213,10000,1.2637623762376238,6.0,0.005208333333333334,0.44410470920140616,0.6250000000000001,4956,67.9354
