generation,population_size,mean_diversity,max_diversity,min_fitness,mean_fitness,max_fitness,max_frequency,mean_distance
213,10000,0.32831683168316833,2.0,0.024414062500000007,0.30697428385418973,0.3255208333333333,7714,43.1598
