generation,population_size,mean_diversity,max_diversity,min_fitness,mean_fitness,max_fitness,max_frequency,mean_distance
213,10000,0.019801980198019802,1.0,0.0022888183593750004,0.022849121093750004,0.022888183593750007,9918,44.9849
