generation,population_size,mean_diversity,max_diversity,min_fitness,mean_fitness,max_fitness,max_frequency,mean_distance
213,10000,2.5087128712871287,8.0,0.007500000000000004,0.8374947777777703,1.0000000000000002,2642,66.8743
