generation,population_size,mean_diversity,max_diversity,min_fitness,mean_fitness,max_fitness,max_frequency,mean_distance
213,10000,0.019801980198019802,1.0,0.0017881393432617218,0.017881840467453006,0.02384185791015627,9857,29.2712
