generation,population_size,mean_diversity,max_diversity,min_fitness,mean_fitness,max_fitness,max_frequency,mean_distance
213,10000,0.6435643564356436,3.0,0.043402777777777776,0.47903694058643675,0.5787037037037036,6110,52.326
