generation,population_size,mean_diversity,max_diversity,min_fitness,mean_fitness,max_fitness,max_frequency,mean_distance
213,10000,4.464554455445545,14.0,0.009375000000000005,0.8598037465277796,1.0000000000000002,1020,58.6337
