generation,population_size,mean_diversity,max_diversity,min_fitness,mean_fitness,max_fitness,max_frequency,mean_distance
213,10000,0.5924752475247524,2.0,0.010299682617187507,0.10029139995574952,0.10299682617187504,5972,22.6601
