generation,population_size,mean_diversity,max_diversity,min_fitness,mean_fitness,max_fitness,max_frequency,mean_distance
213,10000,0.5718811881188118,4.0,0.02712673611111112,0.34270351080245914,0.43402777777777773,6811,57.3194
