generation,population_size,mean_diversity,max_diversity,min_fitness,mean_fitness,max_fitness,max_frequency,mean_distance
213,10000,0.5302970297029703,4.0,0.024112654320987664,0.48436431005660024,0.5787037037037036,8047,13.7151
