generation,population_size,mean_diversity,max_diversity,min_fitness,mean_fitness,max_fitness,max_frequency,mean_distance
213,10000,0.8966336633663367,7.0,0.0048828125000000095,0.09627737562391527,0.13020833333333348,7081,56.6173
