generation,population_size,mean_diversity,max_diversity,min_fitness,mean_fitness,max_fitness,max_frequency,mean_distance
213,10000,2.6491089108910892,12.0,0.00694444444444445,0.5961444000771192,0.8333333333333339,2868,66.9706
