generation,population_size,mean_diversity,max_diversity,min_fitness,mean_fitness,max_fitness,max_frequency,mean_distance
213,10000,0.25702970297029704,2.0,0.016276041666666696,0.3205251736111444,0.4340277777777783,8973,47.2637
