generation,population_size,mean_diversity,max_diversity,min_fitness,mean_fitness,max_fitness,max_frequency,mean_distance
213,10000,1.0142574257425743,4.0,0.0018104910850524933,0.04289275668561459,0.06437301635742193,5099,52.3332
