generation,population_size,mean_diversity,max_diversity,min_fitness,mean_fitness,max_fitness,max_frequency,mean_distance
213,10000,0.039603960396039604,2.0,0.0023841857910156267,0.023809512456258144,0.03178914388020837,9765,21.0216
