generation,population_size,mean_diversity,max_diversity,min_fitness,mean_fitness,max_fitness,max_frequency,mean_distance
213,10000,2.7144554455445546,12.0,0.006250000000000002,0.5352765451388888,0.7500000000000002,2383,62.8146
