generation,population_size,mean_diversity,max_diversity,min_fitness,mean_fitness,max_fitness,max_frequency,mean_distance
213,10000,2.630891089108911,8.0,0.004470348358154301,0.06234800070524214,0.09536743164062507,4068,54.2906
