generation,population_size,mean_diversity,max_diversity,min_fitness,mean_fitness,max_fitness,max_frequency,mean_distance
213,10000,0.6146534653465346,3.0,0.004069010416666666,0.044568074544276144,0.05425347222222222,6019,48.5239
