generation,population_size,mean_diversity,max_diversity,min_fitness,mean_fitness,max_fitness,max_frequency,mean_distance
213,10000,3.3706930693069306,11.0,0.002170138888888892,0.3770813651379495,0.5787037037037042,1663,64.3661
