generation,population_size,mean_diversity,max_diversity,min_fitness,mean_fitness,max_fitness,max_frequency,mean_distance
213,10000,2.675643564356436,8.0,0.0034722222222222246,0.5934012731480968,0.6944444444444452,1437,65.3386
