generation,population_size,mean_diversity,max_diversity,min_fitness,mean_fitness,max_fitness,max_frequency,mean_distance
213,10000,0.019801980198019802,1.0,5.029141902923594E-4,0.005021824501454831,0.00502914190292359,9773,32.1849
