generation,population_size,mean_diversity,max_diversity,min_fitness,mean_fitness,max_fitness,max_frequency,mean_distance
213,10000,56.56514851485149,140.0,2.5093714835253505E-83,1.1400482058481536E-68,1.5417578394777973E-65,1,1797.6314
