generation,population_size,mean_diversity,max_diversity,min_fitness,mean_fitness,max_fitness,max_frequency,mean_distance
213,10000,0.9136633663366337,3.0,0.001341104507446288,0.04809016361832618,0.06437301635742183,4726,51.8934
