generation,population_size,mean_diversity,max_diversity,min_fitness,mean_fitness,max_fitness,max_frequency,mean_distance
213,10000,0.019801980198019802,1.0,1.3411045074462888E-4,0.001343902945518494,0.0017881393432617188,9880,0.2616
