generation,population_size,mean_diversity,max_diversity,min_fitness,mean_fitness,max_fitness,max_frequency,mean_distance
213,10000,2.0663366336633664,7.0,0.014467592592592613,0.4982693343300215,0.5787037037037042,2804,58.4187
