generation,population_size,mean_diversity,max_diversity,min_fitness,mean_fitness,max_fitness,max_frequency,mean_distance
213,10000,100.96356435643564,144.0,1.5838465156944057E-68,3.4754615578046735E-56,3.7325481409004814E-53,1,1797.2884
