generation,population_size,mean_diversity,max_diversity,min_fitness,mean_fitness,max_fitness,max_frequency,mean_distance
213,10000,0.039603960396039604,2.0,0.023437500000000024,0.23388535156250004,0.2343750000000002,9846,38.1047
