generation,population_size,mean_diversity,max_diversity,min_fitness,mean_fitness,max_fitness,max_frequency,mean_distance
213,10000,3.7837623762376236,11.0,0.0032552083333333274,0.3032176242404439,0.520833333333332,1770,68.6592
