generation,population_size,mean_diversity,max_diversity,min_fitness,mean_fitness,max_fitness,max_frequency,mean_distance
213,10000,0.07683168316831683,1.0,1.1787051334977172E-4,0.001184698849101551,0.0015716068446636215,9837,13.2935
