generation,population_size,mean_diversity,max_diversity,min_fitness,mean_fitness,max_fitness,max_frequency,mean_distance
213,10000,1.3334653465346535,6.0,0.027777777777777794,0.38971421296294345,0.5000000000000002,5590,56.0966
