generation,population_size,mean_diversity,max_diversity,min_fitness,mean_fitness,max_fitness,max_frequency,mean_distance
213,10000,1.0415841584158416,5.0,0.0012069940567016586,0.028421221151947968,0.04291534423828116,4556,49.1605
