generation,population_size,mean_diversity,max_diversity,min_fitness,mean_fitness,max_fitness,max_frequency,mean_distance
213,10000,0.6796039603960397,3.0,0.032552083333333384,0.43370117187501966,0.5787037037037044,6572,51.0174
