generation,population_size,mean_diversity,max_diversity,min_fitness,mean_fitness,max_fitness,max_frequency,mean_distance
213,10000,75.32831683168317,121.0,2.6974595159509176E-84,1.6908307402412458E-69,2.0716489082500339E-66,1,1798.0607
