generation,population_size,mean_diversity,max_diversity,min_fitness,mean_fitness,max_fitness,max_frequency,mean_distance
213,10000,4.536237623762376,15.0,0.0034722222222222246,0.5961627025462443,0.8333333333333337,912,64.0649
