generation,population_size,mean_diversity,max_diversity,min_fitness,mean_fitness,max_fitness,max_frequency,mean_distance
213,10000,3.5401980198019802,9.0,0.0026041666666666687,0.5959352044752619,0.6944444444444446,1407,63.6802
