generation,population_size,mean_diversity,max_diversity,min_fitness,mean_fitness,max_fitness,max_frequency,mean_distance
213,10000,3.4285148514851485,11.0,0.0028935185185185197,0.23899465804239076,0.3472222222222222,1534,66.5925
