generation,population_size,mean_diversity,max_diversity,min_fitness,mean_fitness,max_fitness,max_frequency,mean_distance
213,10000,2.522772277227723,10.0,0.006250000000000002,0.7162898697916106,0.8333333333333335,1511,66.2851
