generation,population_size,mean_diversity,max_diversity,min_fitness,mean_fitness,max_fitness,max_frequency,mean_distance
213,10000,0.019801980198019802,1.0,0.001287460327148438,0.012869367599487308,0.012874603271484384,9976,34.952
