generation,population_size,mean_diversity,max_diversity,min_fitness,mean_fitness,max_fitness,max_frequency,mean_distance
213,10000,3.9742574257425742,12.0,0.002083333333333335,0.7158333680554896,0.8333333333333334,1049,65.399
