generation,population_size,mean_diversity,max_diversity,min_fitness,mean_fitness,max_fitness,max_frequency,mean_distance
213,10000,0.019801980198019802,1.0,0.04166666666666668,0.41594791666661185,0.41666666666666663,9726,29.2019
