generation,population_size,mean_diversity,max_diversity,min_fitness,mean_fitness,max_fitness,max_frequency,mean_distance
213,10000,2.588118811881188,7.0,0.011444091796875014,0.12261264801025396,0.20345052083333337,4922,40.3763
