generation,population_size,mean_diversity,max_diversity,min_fitness,mean_fitness,max_fitness,max_frequency,mean_distance
213,10000,73.79821782178217,119.0,2.5431779383337816E-64,1.4623544797483385E-53,1.6856274804092994E-50,1,1797.2884
