generation,population_size,mean_diversity,max_diversity,min_fitness,mean_fitness,max_fitness,max_frequency,mean_distance
213,10000,89.06178217821783,164.0,1.1865450989088153E-66,3.7714472948658746E-54,1.5728927145193083E-50,1,1797.3486
