generation,population_size,mean_diversity,max_diversity,min_fitness,mean_fitness,max_fitness,max_frequency,mean_distance
213,10000,2.135049504950495,8.0,0.0013563368055555514,0.23400328961911113,0.36168981481481366,3569,73.8981
