generation,population_size,mean_diversity,max_diversity,min_fitness,mean_fitness,max_fitness,max_frequency,mean_distance
213,10000,0.15841584158415842,2.0,0.00578703703703704,0.5693953510802567,0.5787037037037038,8892,31.7508
