generation,population_size,mean_diversity,max_diversity,min_fitness,mean_fitness,max_fitness,max_frequency,mean_distance
213,10000,0.0594059405940594,2.0,0.003576278686523444,0.03570264577865601,0.03576278686523442,9844,40.0434
