generation,population_size,mean_diversity,max_diversity,min_fitness,mean_fitness,max_fitness,max_frequency,mean_distance
213,10000,1.1469306930693068,8.0,0.0028610229492187526,0.059102740685145067,0.09536743164062501,6613,47.8446
