generation,population_size,mean_diversity,max_diversity,min_fitness,mean_fitness,max_fitness,max_frequency,mean_distance
213,10000,0.9318811881188119,6.0,0.018310546875000007,0.18761634318033854,0.2441406250000001,7072,53.371
