generation,population_size,mean_diversity,max_diversity,min_fitness,mean_fitness,max_fitness,max_frequency,mean_distance
213,10000,1.6344554455445544,7.0,0.0014467592592592572,0.2515129243827364,0.5787037037037026,4488,72.2326
