generation,population_size,mean_diversity,max_diversity,min_fitness,mean_fitness,max_fitness,max_frequency,mean_distance
213,10000,0.019801980198019802,1.0,0.06944444444444445,0.6928923611110273,0.8333333333333331,9893,32.1421
