generation,population_size,mean_diversity,max_diversity,min_fitness,mean_fitness,max_fitness,max_frequency,mean_distance
213,10000,2.4657425742574257,9.0,0.0019531250000000017,0.3783216373697916,0.46875000000000017,2827,73.8566
