generation,population_size,mean_diversity,max_diversity,min_fitness,mean_fitness,max_fitness,max_frequency,mean_distance
213,10000,0.721980198019802,4.0,0.0040233135223388655,0.05942521989345549,0.09536743164062493,5429,50.3899
