generation,population_size,mean_diversity,max_diversity,min_fitness,mean_fitness,max_fitness,max_frequency,mean_distance
213,10000,90.28336633663366,175.0,1.0656630186474978E-83,4.5617250176769137E-66,1.5345547468521227E-62,1,1797.8288
