generation,population_size,mean_diversity,max_diversity,min_fitness,mean_fitness,max_fitness,max_frequency,mean_distance
213,10000,0.13465346534653466,2.0,0.0011444091796875,0.011334095001220705,0.015258789062500002,9285,16.9755
