generation,population_size,mean_diversity,max_diversity,min_fitness,mean_fitness,max_fitness,max_frequency,mean_distance
213,10000,0.7104950495049505,2.0,0.0045776367187500095,0.04570243835449219,0.04577636718750006,7911,46.7739
