generation,population_size,mean_diversity,max_diversity,min_fitness,mean_fitness,max_fitness,max_frequency,mean_distance
213,10000,2.204950495049505,9.0,0.005086263020833328,0.24050532965013827,0.3616898148148145,3105,72.2095
