generation,population_size,mean_diversity,max_diversity,min_fitness,mean_fitness,max_fitness,max_frequency,mean_distance
213,10000,1.2803960396039604,5.0,0.013020833333333346,0.28463081597221196,0.3472222222222223,4867,46.698
