generation,population_size,mean_diversity,max_diversity,min_fitness,mean_fitness,max_fitness,max_frequency,mean_distance
213,10000,2.0922772277227724,7.0,0.004340277777777777,0.3731070752556171,0.4340277777777776,2893,63.0668
