generation,population_size,mean_diversity,max_diversity,min_fitness,mean_fitness,max_fitness,max_frequency,mean_distance
213,10000,1.9283168316831683,7.0,0.005787037037037051,0.49638178369344976,0.5787037037037044,2235,63.9998
