generation,population_size,mean_diversity,max_diversity,min_fitness,mean_fitness,max_fitness,max_frequency,mean_distance
213,10000,76.95564356435644,161.0,1.2359844780301356E-64,3.1770480922601892E-53,3.9366718673559075E-50,1,1797.1371
