generation,population_size,mean_diversity,max_diversity,min_fitness,mean_fitness,max_fitness,max_frequency,mean_distance
213,10000,3.6104950495049506,13.0,0.004166666666666671,0.7142200347221582,0.8333333333333337,2068,64.8903
