generation,population_size,mean_diversity,max_diversity,min_fitness,mean_fitness,max_fitness,max_frequency,mean_distance
213,10000,0.09504950495049505,1.0,0.08239746093750004,0.21660324096679692,0.2929687500000001,6497,38.6664
