generation,population_size,mean_diversity,max_diversity,min_fitness,mean_fitness,max_fitness,max_frequency,mean_distance
213,10000,0.9136633663366337,3.0,3.2186508178710943E-4,0.0032141286134719843,0.004291534423828122,5994,47.6429
