generation,population_size,mean_diversity,max_diversity,min_fitness,mean_fitness,max_fitness,max_frequency,mean_distance
213,10000,0.5908910891089109,4.0,0.0050862630208333365,0.10339231137874821,0.13563368055555555,7757,56.9461
