generation,population_size,mean_diversity,max_diversity,min_fitness,mean_fitness,max_fitness,max_frequency,mean_distance
213,10000,0.4102970297029703,4.0,0.03255208333333335,0.42460313585072024,0.5208333333333335,7388,43.5039
