generation,population_size,mean_diversity,max_diversity,min_fitness,mean_fitness,max_fitness,max_frequency,mean_distance
213,10000,0.11643564356435644,2.0,0.0010299682617187513,0.010297983169555665,0.010299682617187507,9855,11.0687
