generation,population_size,mean_diversity,max_diversity,min_fitness,mean_fitness,max_fitness,max_frequency,mean_distance
213,10000,1.0966336633663367,4.0,0.010172526041666675,0.2082543267143854,0.2712673611111111,5871,57.0145
