generation,population_size,mean_diversity,max_diversity,min_fitness,mean_fitness,max_fitness,max_frequency,mean_distance
213,10000,0.019801980198019802,1.0,0.0034332275390625043,0.0342905616760254,0.03433227539062502,9915,34.078
