generation,population_size,mean_diversity,max_diversity,min_fitness,mean_fitness,max_fitness,max_frequency,mean_distance
213,10000,1.3065346534653466,5.0,0.025000000000000012,0.4968971354166627,0.6944444444444444,4269,45.1311
