generation,population_size,mean_diversity,max_diversity,min_fitness,mean_fitness,max_fitness,max_frequency,mean_distance
213,10000,1.4479207920792079,10.0,0.003750000000000002,0.8527065833333405,1.0000000000000004,4772,78.1844
