generation,population_size,mean_diversity,max_diversity,min_fitness,mean_fitness,max_fitness,max_frequency,mean_distance
213,10000,0.05900990099009901,2.0,0.025000000000000012,0.24974500000000002,0.25000000000000006,9877,26.2203
