generation,population_size,mean_diversity,max_diversity,min_fitness,mean_fitness,max_fitness,max_frequency,mean_distance
213,10000,0.019801980198019802,1.0,0.015258789062500002,0.030516052246093755,0.030517578125000007,9971,6.0496
