generation,population_size,mean_diversity,max_diversity,min_fitness,mean_fitness,max_fitness,max_frequency,mean_distance
213,10000,3.2639603960396038,9.0,0.0014467592592592598,0.49511053843560576,0.6944444444444443,1250,61.768
