generation,population_size,mean_diversity,max_diversity,min_fitness,mean_fitness,max_fitness,max_frequency,mean_distance
213,10000,0.07801980198019802,2.0,0.0025749206542968763,0.025784246921539314,0.030899047851562517,9701,16.8242
