generation,population_size,mean_diversity,max_diversity,min_fitness,mean_fitness,max_fitness,max_frequency,mean_distance
213,10000,0.019801980198019802,1.0,0.005722045898437506,0.05698537826538087,0.06866455078125008,9895,43.9444
