generation,population_size,mean_diversity,max_diversity,min_fitness,mean_fitness,max_fitness,max_frequency,mean_distance
213,10000,0.4047524752475248,1.0,4.190951585769653E-4,0.0037774461088702074,0.0062864273786544765,6036,40.0904
