generation,population_size,mean_diversity,max_diversity,min_fitness,mean_fitness,max_fitness,max_frequency,mean_distance
213,10000,2.8467326732673266,7.0,0.010986328125000007,0.1303583908081055,0.21972656250000014,3241,55.2168
