generation,population_size,mean_diversity,max_diversity,min_fitness,mean_fitness,max_fitness,max_frequency,mean_distance
213,10000,2.3445544554455444,9.0,0.004166666666666671,0.6379144140624561,0.8333333333333335,1561,69.7345
