generation,population_size,mean_diversity,max_diversity,min_fitness,mean_fitness,max_fitness,max_frequency,mean_distance
213,10000,1.3041584158415842,5.0,0.005960464477539062,0.07688899834951289,0.10596381293402767,5456,52.9066
