generation,population_size,mean_diversity,max_diversity,min_fitness,mean_fitness,max_fitness,max_frequency,mean_distance
213,10000,1.754059405940594,6.0,0.016479492187500028,0.16354618835449222,0.2197265625000002,5073,41.8441
