generation,population_size,mean_diversity,max_diversity,min_fitness,mean_fitness,max_fitness,max_frequency,mean_distance
213,10000,0.039603960396039604,2.0,1.3260432751849275E-4,0.0013232188030087853,0.0013260432751849268,9700,43.2386
