generation,population_size,mean_diversity,max_diversity,min_fitness,mean_fitness,max_fitness,max_frequency,mean_distance
213,10000,3.238811881188119,10.0,0.0026041666666666665,0.44440617766205787,0.6944444444444441,1260,66.8933
