generation,population_size,mean_diversity,max_diversity,min_fitness,mean_fitness,max_fitness,max_frequency,mean_distance
213,10000,5.026138613861386,12.0,0.005000000000000006,0.8583977777777855,1.0000000000000002,1290,70.6923
