generation,population_size,mean_diversity,max_diversity,min_fitness,mean_fitness,max_fitness,max_frequency,mean_distance
213,10000,1.1738613861386138,5.0,0.005364418029785162,0.06917883455753328,0.09536743164062501,3255,47.7518
