generation,population_size,mean_diversity,max_diversity,min_fitness,mean_fitness,max_fitness,max_frequency,mean_distance
213,10000,0.3322772277227723,2.0,0.04166666666666668,0.41296541666661396,0.5000000000000001,7997,31.0877
