generation,population_size,mean_diversity,max_diversity,min_fitness,mean_fitness,max_fitness,max_frequency,mean_distance
213,10000,2.8154455445544553,10.0,0.00694444444444445,0.5902122649015754,0.6944444444444446,2826,68.8975
