generation,population_size,mean_diversity,max_diversity,min_fitness,mean_fitness,max_fitness,max_frequency,mean_distance
213,10000,0.39564356435643566,1.0,0.014648437499999993,0.16089782714843748,0.19531250000000003,6392,9.5473
