generation,population_size,mean_diversity,max_diversity,min_fitness,mean_fitness,max_fitness,max_frequency,mean_distance
213,10000,2.1346534653465348,7.0,0.0036168981481481464,0.3086701130180082,0.4340277777777776,2847,69.4211
