generation,population_size,mean_diversity,max_diversity,min_fitness,mean_fitness,max_fitness,max_frequency,mean_distance
213,10000,1.3552475247524753,6.0,0.009536743164062509,0.10755401187473296,0.12715657552083334,3815,52.0163
