generation,population_size,mean_diversity,max_diversity,min_fitness,mean_fitness,max_fitness,max_frequency,mean_distance
213,10000,0.4392079207920792,2.0,0.011302806712962967,0.11790127224393059,0.15070408950617284,7464,26.6558
