generation,population_size,mean_diversity,max_diversity,min_fitness,mean_fitness,max_fitness,max_frequency,mean_distance
213,10000,2.953861386138614,10.0,0.004166666666666671,0.6912178443286539,0.8333333333333335,2903,66.7865
