theta,rho,rep,NSS,MaxChi,PhiPerm,PhiNorm
0.0010,0.0000010,2,6.84e-01,1.99e-01,4.63e-01,2.33e-01
0.00010,0.0000010,2,1.00e+00,4.43e-01,1.00e+00,1.00e+00
0.0010,0.0000010,1,2.03e-01,3.74e-01,8.59e-01,6.55e-01
0.00010,0.0000010,1,1.00e+00,7.62e-01,1.00e+00,1.00e+00
0.0010,1.0E-7,1,1.00e+00,9.30e-01,1.00e+00,1.00e+00
0.00010,1.0E-7,2,1.00e+00,1.79e-01,1.00e+00,1.00e+00
0.0010,1.0E-7,2,1.00e+00,1.00e-03,1.00e+00,1.00e+00
0.00010,1.0E-7,1,1.00e+00,7.71e-01,1.00e+00,1.00e+00
