generation,population_size,mean_diversity,max_diversity,min_fitness,mean_fitness,max_fitness,max_frequency,mean_distance
213,10000,70.72019801980198,112.0,1.2947805676565333E-86,6.6826499007411336E-71,1.7678070683734934E-67,1,1797.2078
