generation,population_size,mean_diversity,max_diversity,min_fitness,mean_fitness,max_fitness,max_frequency,mean_distance
213,10000,92.72554455445544,157.0,1.1100656444242375E-81,1.5862970593053585E-66,3.8799606438923026E-63,1,1797.8706
