generation,population_size,mean_diversity,max_diversity,min_fitness,mean_fitness,max_fitness,max_frequency,mean_distance
213,10000,3.8954455445544554,13.0,0.0018750000000000008,0.6416135286458287,0.7500000000000002,1381,64.6695
