generation,population_size,mean_diversity,max_diversity,min_fitness,mean_fitness,max_fitness,max_frequency,mean_distance
213,10000,3.098811881188119,9.0,0.001736111111111112,0.30346545717590234,0.4166666666666667,1655,69.9968
