generation,population_size,mean_diversity,max_diversity,min_fitness,mean_fitness,max_fitness,max_frequency,mean_distance
213,10000,3.5057425742574257,9.0,0.0034722222222222216,0.5937814814814305,0.6944444444444441,1437,70.2898
