generation,population_size,mean_diversity,max_diversity,min_fitness,mean_fitness,max_fitness,max_frequency,mean_distance
213,10000,3.697821782178218,11.0,0.0010000000000000002,0.8549681833333405,0.9999999999999999,1267,61.1248
