generation,population_size,mean_diversity,max_diversity,min_fitness,mean_fitness,max_fitness,max_frequency,mean_distance
213,10000,2.4134653465346534,8.0,0.002314814814814816,0.5183649016203278,0.6944444444444444,3378,72.5054
