generation,population_size,mean_diversity,max_diversity,min_fitness,mean_fitness,max_fitness,max_frequency,mean_distance
213,10000,2.175841584158416,6.0,0.0028935185185185197,0.4489401041667031,0.5787037037037037,2637,71.9431
