generation,population_size,mean_diversity,max_diversity,min_fitness,mean_fitness,max_fitness,max_frequency,mean_distance
213,10000,3.548910891089109,13.0,0.005000000000000002,0.8530644166666743,1.0000000000000002,1223,63.8332
