generation,population_size,mean_diversity,max_diversity,min_fitness,mean_fitness,max_fitness,max_frequency,mean_distance
213,10000,2.4916831683168317,9.0,0.004166666666666671,0.7134580208332694,0.8333333333333344,2482,66.1808
