generation,population_size,mean_diversity,max_diversity,min_fitness,mean_fitness,max_fitness,max_frequency,mean_distance
213,10000,3.2966336633663365,12.0,0.0034722222222222246,0.5948609664351354,0.8333333333333341,1915,66.8483
