generation,population_size,mean_diversity,max_diversity,min_fitness,mean_fitness,max_fitness,max_frequency,mean_distance
213,10000,4.470495049504951,13.0,0.002083333333333335,0.7183174652777138,0.8333333333333337,1503,63.9386
