generation,population_size,mean_diversity,max_diversity,min_fitness,mean_fitness,max_fitness,max_frequency,mean_distance
213,10000,5.2293069306930695,17.0,0.009999999999999995,0.8581164583333408,0.9999999999999997,762,61.0698
