generation,population_size,mean_diversity,max_diversity,min_fitness,mean_fitness,max_fitness,max_frequency,mean_distance
213,10000,4.179009900990099,11.0,0.0034722222222222246,0.595137731481431,0.8333333333333341,1337,64.1074
