generation,population_size,mean_diversity,max_diversity,min_fitness,mean_fitness,max_fitness,max_frequency,mean_distance
213,10000,5.087524752475248,15.0,0.0027777777777777775,0.47551634259264913,0.5555555555555557,475,62.7643
