generation,population_size,mean_diversity,max_diversity,min_fitness,mean_fitness,max_fitness,max_frequency,mean_distance
213,10000,4.132277227722772,11.0,0.0034722222222222246,0.5974923611110576,0.6944444444444451,607,63.5202
