generation,population_size,mean_diversity,max_diversity,min_fitness,mean_fitness,max_fitness,max_frequency,mean_distance
213,10000,60.091683168316834,102.0,4.995295399908752E-81,1.0923057905479811E-64,2.0460729958023576E-61,1,1797.7565
