generation,population_size,mean_diversity,max_diversity,min_fitness,mean_fitness,max_fitness,max_frequency,mean_distance
213,10000,2.9003960396039603,8.0,0.0019531249999999985,0.16679453938802086,0.19531249999999983,1868,70.738
