generation,population_size,mean_diversity,max_diversity,min_fitness,mean_fitness,max_fitness,max_frequency,mean_distance
213,10000,88.42475247524753,156.0,2.6312667127092524E-83,1.5752933870496363E-67,4.5984718742425866E-64,1,1798.0661
