generation,population_size,mean_diversity,max_diversity,min_fitness,mean_fitness,max_fitness,max_frequency,mean_distance
213,10000,1.5116831683168317,7.0,0.0026041666666666665,0.4453783203125207,0.5208333333333334,4418,72.3177
