generation,population_size,mean_diversity,max_diversity,min_fitness,mean_fitness,max_fitness,max_frequency,mean_distance
213,10000,4.868118811881188,14.0,0.0010000000000000002,0.8560008083333412,0.9999999999999999,674,61.4189
