generation,population_size,mean_diversity,max_diversity,min_fitness,mean_fitness,max_fitness,max_frequency,mean_distance
213,10000,4.5508910891089105,12.0,0.0034722222222222246,0.5923402126735623,0.6944444444444448,826,61.2578
