generation,population_size,mean_diversity,max_diversity,min_fitness,mean_fitness,max_fitness,max_frequency,mean_distance
213,10000,79.69366336633664,123.0,4.9952953999096515E-82,2.7115589204156543E-65,3.9917290575027025E-62,1,1797.5441
